month,gmsl_mm,steric_mm,csr_reference_ocean_mass_mm,custom_l3_ocean_mass_mm,forward_ocean_mass_mm,custom_l3_valid_month,custom_l3_reconstructed_month,custom_l3_effective_month,forward_valid_month,forward_reconstructed_month,forward_effective_month,gmsl_gia_corrected_input_mm,gmsl_gia_wtc_corrected_input_mm,custom_l3_gap_filled_input_mm,custom_l3_interpolated_month,gmsl_centered_mm,gmsl_smoothed_mm,gmsl_detrended_centered_mm,gmsl_detrended_smoothed_mm,steric_centered_mm,steric_smoothed_mm,steric_detrended_centered_mm,steric_detrended_smoothed_mm,csr_reference_centered_mm,csr_reference_smoothed_mm,csr_reference_detrended_centered_mm,csr_reference_detrended_smoothed_mm,custom_l3_centered_mm,custom_l3_smoothed_mm,custom_l3_detrended_centered_mm,custom_l3_detrended_smoothed_mm,forward_centered_mm,forward_smoothed_mm,forward_detrended_centered_mm,forward_detrended_smoothed_mm,budget_sum_centered_mm,budget_sum_smoothed_mm,budget_sum_detrended_centered_mm,budget_sum_detrended_smoothed_mm,gmsl_display_panel_a_mm,gmsl_display_panel_b_mm,custom_l3_display_panel_a_mm,custom_l3_display_panel_b_mm,steric_display_panel_a_mm,steric_display_panel_b_mm,budget_sum_display_panel_a_mm,budget_sum_display_panel_b_mm
2013-11,65.2840459394,-4.71316091716,12.3857909322,-4.33020761878,1.95561198726,1,0,1,1,0,1,65.2840459394,65.2840459394,-4.33020761878,0,-20.835093326,-20.6364027346,-3.29394487402,-3.22915617925,-7.20371119912,-7.42760005036,0.917077800295,0.631198193332,-6.30407398258,-7.54133074822,1.05726088277,-0.231307627121,-11.6220459405,-11.550550923,-4.04881466916,-4.03513057742,-6.01554650911,-5.77751107371,-5.17199072541,-4.93983524513,-18.8257571396,-18.9781509733,-3.13173686886,-3.40393238408,-20.6364027346,-3.22915617925,-21.550550923,-9.03513057742,-27.4276000504,-9.36880180667,-18.9781509733,-3.40393238408
2013-12,62.4772986488,-3.71015025303,4.84068297689,-7.77485131732,-1.31048508793,1,0,1,1,0,1,62.4427986488,62.4427986488,-7.77485131732,0,-20.4377121433,-20.3446547035,-3.16436748449,-3.07131004473,-7.6514889016,-7.80470414117,0.345318586369,0.192103346804,-8.77858751385,-8.56340016419,-1.51987613701,-1.30468878734,-11.4790559055,-11.4833176404,-4.02144648567,-4.0257082206,-5.53947563831,-5.7692477801,-4.70767976485,-4.93745190664,-19.1305448071,-19.2880217816,-3.6761278993,-3.8336048738,-20.3446547035,-3.07131004473,-21.4833176404,-9.0257082206,-27.8047041412,-9.8078966532,-19.2880217816,-3.8336048738
2014-01,59.7112559833,-3.20921652019,-1.91633987421,-13.4945540175,-7.86907709537,1,0,1,1,0,1,59.6422559833,59.6422559833,-13.4945540175,0,-19.7611586413,-19.6053693989,-2.75561777567,-2.59982853325,-8.55891232278,-8.36686812238,-0.686086346253,-0.494042145847,-10.6075389961,,-3.45145110779,,-11.3488510753,-10.2733574064,-4.00686350698,-2.93136983799,-5.75272119288,,-4.93268522966,,-19.9077633981,-18.6402255287,-4.69294985323,-3.42541198384,-19.6053693989,-2.59982853325,-20.2733574064,-7.93136983799,-28.3668681224,-10.4940421458,-18.6402255287,-3.42541198384
2014-02,58.0494712121,-1.7210142687,,-13.9340742629,,0,1,1,0,0,0,57.9459712121,57.9459712121,-13.9340742629,0,-18.6172374121,-18.9842062672,-1.8795003396,-2.24646919476,-8.89020314274,-8.88214091583,-1.14135867766,-1.13329645074,,,,,-7.99216523823,-11.3301923011,-0.765799521331,-4.10382658417,,,,,-16.882368381,-20.2123332169,-1.90715819899,-5.23712303491,-18.9842062672,-2.24646919476,-21.3301923011,-9.10382658417,-28.8821409158,-11.1332964507,-20.2123332169,-5.23712303491
2014-03,55.9436329527,0.857906765305,0.327725559279,-23.1774134648,-17.6075814799,1,0,1,1,0,1,55.8056329527,55.8056329527,-23.1774134648,0,-18.5742227483,-18.6934778206,-2.10428946902,-2.22354454133,-9.19730728195,-8.73304522578,-1.5724443283,-1.10818227214,-9.44796161117,,-2.49712069984,,-14.6495605896,-11.6315743809,-7.53881672422,-4.52083051543,-9.36714216272,,-8.57062601998,,-23.8468678716,-20.3646196066,-9.11126105252,-5.62901278757,-18.6934778206,-2.22354454133,-21.6315743809,-9.52083051543,-28.7330452258,-11.1081822721,-20.3646196066,-5.62901278757
2014-04,54.4639410794,2.99260602333,0.762651140998,-23.2297400816,-17.992652824,1,0,1,1,0,1,54.2914410794,54.2914410794,-23.2297400816,0,-18.8889733015,-18.7345102085,-2.68684381536,-2.53238072232,-8.11162525266,-8.25326559458,-0.61074381045,-0.752384152375,-7.30129575106,-9.20056322199,-0.45307832824,-2.35234579917,-12.2529973147,-13.2616493015,-5.25787530075,-6.26652728753,-6.81271942048,-8.01045501447,-6.02796318798,-7.22569878197,-20.3646225674,-21.5149148961,-5.8686191112,-7.01891143991,-18.7345102085,-2.53238072232,-23.2616493015,-11.2665272875,-28.2532655946,-10.7523841524,-21.5149148961,-7.01891143991
2014-05,53.8604384564,2.50142114237,-1.05606298999,-21.9198492082,-16.8352637257,1,0,1,1,0,1,53.6534384564,53.6534384564,-21.9198492082,0,-18.7403345756,-18.6725083158,-2.8060088826,-2.73818262286,-7.45086424914,-7.41129456175,-0.0739643183723,-0.0343946309813,-10.8524323037,-8.97709773669,-4.10683836943,-2.23150380238,-12.8823900001,-11.551770764,-6.00288983764,-4.67227060156,-7.85150346021,-5.96832702121,-7.07850713795,-5.19533069895,-20.3332542493,-18.9630653258,-6.07685415601,-4.70666523254,-18.6725083158,-2.73818262286,-21.551770764,-9.67227060156,-27.4112945617,-10.034394631,-18.9630653258,-4.70666523254
2014-06,54.8192031637,-0.413374247728,8.91739253089,-14.5047919802,-8.51206015407,1,0,1,1,0,1,54.5777031637,54.5777031637,-14.5047919802,0,-18.3882170704,-18.0196673062,-2.72169517062,-2.35314540638,-6.67139418345,-7.11629908541,0.581524235878,0.136619333909,-8.77756515526,,-2.13459470946,,-9.51992497731,-9.57359041549,-2.7560466663,-2.80971210447,-3.24075818294,,-2.47952177093,,-16.1913191608,-16.6898895009,-2.17452243042,-2.67309277057,-18.0196673062,-2.35314540638,-19.5735904155,-7.80971210447,-27.1162990854,-9.86338066609,-16.6898895009,-2.67309277057
2014-07,58.5942956132,-4.89579886198,,-3.22052615319,,0,1,1,0,0,0,58.3182956132,58.3182956132,-3.22052615319,0,-16.9304502726,-17.8765113344,-1.53173216592,-2.47779322772,-7.22663882366,-6.90423116578,-0.0977019157786,0.224705742105,,,,,-6.31845626903,-8.78266483248,0.32980019051,-2.13440837294,,,,,-13.5450950927,-15.6868959983,0.232098274731,-1.90970263083,-17.8765113344,-2.47779322772,-18.7826648325,-7.13440837294,-26.9042311658,-9.77529425789,-15.6868959983,-1.90970263083
2014-08,60.6774765831,-7.07381451502,18.1440078809,-4.42354563445,1.54640574281,1,0,1,1,0,1,60.3669765831,60.3669765831,-4.42354563445,0,-18.3108666601,-17.7518607273,-3.17995234663,-2.6209464138,-6.81466049022,-7.2021076607,0.190294906216,-0.197152264263,-8.4499522074,,-2.01222873861,,-10.5096132511,-8.79243794228,-3.97697864302,-2.2598033342,-5.80671331487,,-5.06899672333,,-17.3242737413,-15.994545603,-3.7866837368,-2.45695559847,-17.7518607273,-2.6209464138,-18.7924379423,-7.2598033342,-27.2021076607,-10.1971522643,-15.994545603,-2.45695559847
2014-09,65.7286640879,-6.15672115237,16.0316305234,-1.33094137812,4.50663398552,1,0,1,1,0,1,65.3836640879,65.3836640879,-1.33094137812,0,-18.0142652492,-18.1688252997,-3.15115472885,-3.30571477934,-7.56502366823,-7.02403678773,-0.684049783228,-0.143062902735,-10.1352492537,-8.64547037233,-3.80014927337,-2.31037039205,-9.5492443067,-10.0759670118,-3.1322315501,-3.65895425524,-4.67786882505,-5.32630562769,-3.95191214376,-4.6003489464,-17.1142679749,-17.1000037996,-3.81628133333,-3.80201715798,-18.1688252997,-3.30571477934,-20.0759670118,-8.65895425524,-27.0240367877,-10.1430629027,-17.1000037996,-3.80201715798
2014-10,69.5174810347,-4.76510077715,15.3185636196,-1.1129497649,4.32875157191,1,0,1,1,0,1,69.1379810347,69.1379810347,-1.1129497649,0,-18.1813439897,-17.7191330705,-3.58603726255,-3.12382634328,-6.69242620475,-7.67245740776,0.0645661688064,-0.915465034202,-7.35120965594,-8.52411369267,-1.11873316416,-2.29163720089,-10.1690434778,-9.83872043493,-3.86765257262,-3.5373295298,-5.49433474315,-5.20377128861,-4.7801379721,-4.48957451757,-16.8614696825,-17.5111778427,-3.80308640381,-4.452794564,-17.7191330705,-3.12382634328,-19.8387204349,-8.5373295298,-27.6724574078,-10.9154650342,-17.5111778427,-4.452794564
2014-11,69.5713492929,-6.26937206835,10.6039827464,-2.50603519865,2.53204819873,1,0,1,1,0,1,69.1573492929,69.1573492929,-2.50603519865,0,-16.9617899725,-16.8152869397,-2.63428703845,-2.48778400568,-8.7599223503,-7.55017819569,-2.12691148818,-0.917167333578,-8.08588216841,,-1.95602916513,,-9.79787352034,-8.51060800986,-3.61210446667,-2.32483895619,-5.43911029764,,-4.73667343684,,-18.5577958706,-16.0607862055,-5.73901595486,-3.24200628977,-16.8152869397,-2.48778400568,-18.5106080099,-7.32483895619,-27.5501781957,-10.9171673336,-16.0607862055,-3.24200628977
2014-12,68.0262839352,-3.25684738345,,-1.86070244329,,0,1,1,0,0,0,67.5777839352,67.5777839352,-1.86070244329,0,-15.3027268569,-15.1571801435,-1.24302771603,-1.09748100264,-7.19818603203,-8.1562451183,-0.689156681355,-1.64721576763,,,,,-5.56490703148,-7.48750666828,0.505240170714,-1.41735946609,,,,,-12.7630930635,-15.6437517866,-0.183916510641,-3.06457523372,-15.1571801435,-1.09748100264,-17.4875066683,-6.41735946609,-28.1562451183,-11.6472157676,-15.6437517866,-3.06457523372
2015-01,66.6793910234,-3.16093116999,1.84222337131,-9.24544239518,-4.0909872122,1,0,1,1,0,1,66.1963910234,66.1963910234,-9.24544239518,0,-13.2070236011,-13.6398844381,0.584871746561,0.152010909646,-8.51062697258,-7.63203866089,-2.12557913335,-1.24699082166,-6.84897575061,,-0.924369724346,,-7.09973945302,-6.35253452478,-1.1452141023,-0.398009174054,-1.97463130971,,-1.29571426939,,-15.6103664256,-13.9845731857,-3.27079323565,-1.64499999571,-13.6398844381,0.152010909646,-16.3525345248,-5.39800917405,-27.6320386609,-11.2469908217,-13.9845731857,-1.64499999571
2015-02,64.670805768,-0.018114104023,4.8460681132,-12.3348661145,-7.40553437577,1,0,1,1,0,1,64.153305768,64.153305768,-12.3348661145,0,-12.4099028561,-12.1931016108,1.11418869841,1.33098994379,-7.18730297807,-6.91839736267,-0.926236650279,-0.657331034877,-3.38063638691,-5.61840494939,2.44134615084,0.203577588363,-6.39295708983,-6.4457819956,-0.554053590575,-0.606878496346,-1.61718267157,-1.48418478504,-0.950025541485,-0.817027654954,-13.5802600679,-13.3641793583,-1.48029024085,-1.26420953122,-12.1931016108,1.33098994379,-16.4457819956,-5.60687849635,-26.9183973627,-10.6573310349,-13.3641793583,-1.26420953122
2015-03,63.9694773261,4.9979519099,3.15008445979,-14.3725023191,-9.10117969101,1,0,1,1,0,1,63.4174773261,63.4174773261,-14.3725023191,0,-10.962378375,-11.5215131389,2.2939093864,1.73477462249,-5.05726213736,-5.71602776197,1.07982267899,0.421057054381,-6.62560271066,-4.46585369766,-0.906243661409,1.25350535159,-5.84464944394,-5.69602949803,-0.12136779616,0.0272521497569,-0.860740373832,-0.862942853759,-0.20534315399,-0.207545633917,-10.9019115813,-11.41205726,0.958454882834,0.448309204137,-11.5215131389,1.73477462249,-15.696029498,-4.97274785024,-25.716027762,-9.57894294562,-11.41205726,0.448309204137
2015-04,62.5746561953,6.2007131055,4.67262489664,-15.8272247272,-11.2908389194,1,0,1,1,0,1,61.9881561953,61.9881561953,-15.8272247272,0,-11.1922581856,-10.6228416904,1.79622578268,2.3656422778,-4.90351817048,-4.54699728807,1.10958513443,1.46610601684,-3.39132199541,,2.22541356533,,-4.85048196031,-4.91675858216,0.757177836006,0.690901214155,-0.110905515878,,0.532731793723,,-9.75400013079,-9.46375587023,1.86676297043,2.15700723099,-10.6228416904,2.3656422778,-14.9167585822,-4.30909878584,-24.5469972881,-8.53389398316,-9.46375587023,2.15700723099
2015-05,63.3008845212,6.27207383513,,-13.0926035503,,0,1,1,0,0,0,62.6798845212,62.6798845212,-13.0926035503,0,-9.71388851075,-10.6728029104,3.00679166432,2.04787726471,-3.68021155637,-4.41058402386,2.2089102371,1.47853776961,,,,,-4.05514434222,-3.8726351226,1.43689360262,1.61940282224,,,,,-7.73535589859,-8.28321914645,3.64580383972,3.09794059186,-10.6728029104,2.04787726471,-13.8726351226,-3.38059717776,-24.4105840239,-8.52146223039,-8.28321914645,3.09794059186
2015-06,62.5091581993,1.609997591,,-7.69714606815,,0,1,1,0,0,0,61.8536581993,61.8536581993,-7.69714606815,0,-11.1122620348,-10.2991082409,1.34061434713,2.15376814098,-4.64802234471,-3.7056927314,1.11711793731,2.05944755062,,,,,-2.71227906526,-4.00386703854,2.66413702811,1.37254905483,,,,,-7.36030140998,-7.70955976994,3.78125496542,3.43199660545,-10.2991082409,2.15376814098,-14.0038670385,-3.62745094517,-23.7056927314,-7.94055244938,-7.70955976994,3.43199660545
2015-07,65.8675717085,-0.458004331449,21.9478404883,-2.14624759229,3.92421552441,1,0,1,1,0,1,65.1775717085,65.1775717085,-2.14624759229,0,-10.0711741773,-10.2803506733,2.11389841148,1.90472191548,-2.78884429313,-2.7422970885,2.85231447746,2.89886168208,-3.62062455711,,1.68824053812,,-5.24417770813,-3.4214405232,0.0166165337658,1.8393537187,-0.200858751162,,0.407498827714,,-8.03302200126,-6.1637376117,2.86893101122,4.73821540079,-10.2803506733,1.90472191548,-13.4214405232,-3.1606462813,-22.7422970885,-7.10113831792,-6.1637376117,4.73821540079
2015-08,69.7447274354,-1.04917865247,25.1085325009,3.77820282045,9.80985696746,1,0,1,1,0,1,69.0202274354,69.0202274354,3.77820282045,0,-9.65761580775,-8.80244347127,2.25965298784,3.11482532432,-0.790024627666,-1.65817816024,4.72715263148,3.85899909891,-1.48542758746,-2.13253644237,3.72081401926,3.07370516434,-2.30786479619,-2.45264991649,2.83730759424,2.69252247394,2.45673790978,2.47801923275,3.05333557842,3.07461690139,-3.09788942386,-4.11082807673,7.56446022572,6.55152157284,-8.80244347127,3.11482532432,-12.4526499165,-2.30747752606,-21.6581781602,-6.14100090109,-4.11082807673,6.55152157284
2015-09,77.4783889083,0.0126369559439,24.8753225945,8.41239568343,14.3626813502,1,0,1,1,0,1,76.7193889083,76.7193889083,8.41239568343,0,-6.6785404288,-7.59559658782,4.97092457363,4.05386841461,-1.39566555992,-1.41563563803,3.99753018778,3.97756010967,-1.29155718256,,3.81206093565,,0.194092754847,-1.79619998781,5.22364329381,3.23335055115,5.17817853963,,5.76301629803,,-1.20157280507,-3.21183562584,9.22117348159,7.21091066082,-7.59559658782,4.05386841461,-11.7961999878,-1.76664944885,-21.415635638,-6.02243989033,-3.21183562584,7.21091066082
2015-10,81.6621914975,-0.133891298901,,5.78126579076,,0,1,1,0,0,0,80.8686914975,80.8686914975,5.78126579076,0,-6.45063352691,-6.89673153881,4.93102768236,4.48492967047,-2.0612167265,-1.65528189983,3.20799750976,3.61393233643,,,,,-3.27482792209,-2.04098947022,1.6391007654,2.87293921727,,,,,-5.33604464859,-3.69627137006,4.84709827516,6.48687155369,-6.89673153881,4.48492967047,-12.0409894702,-2.12706078273,-21.6552818998,-6.38606766357,-3.69627137006,6.48687155369
2015-11,79.3861186047,0.981586868875,,4.24960507826,,0,1,1,0,0,0,78.5581186047,78.5581186047,4.24960507826,0,-7.56102066071,-6.79097561843,3.55283675541,4.32288179768,-1.50896341308,-1.85987279893,3.63626931174,3.28535992588,,,,,-3.04223324343,-3.02178897935,1.75607359259,1.77651785667,,,,,-4.55119665651,-4.88166177829,5.39234290433,5.06187778255,-6.79097561843,4.32288179768,-13.0217889794,-3.22348214333,-21.8598727989,-6.71464007412,-4.88166177829,5.06187778255
2015-12,77.3817381244,1.93190039136,10.6253731332,0.955898815655,5.38212599794,1,0,1,1,0,1,76.5192381244,76.5192381244,0.955898815655,0,-6.36127266768,-7.04467942009,4.48478095527,3.80137420286,-2.00943825722,-1.88935917677,3.01181295616,3.13189203661,-2.9938973575,,1.8018502952,,-2.74830577253,-2.49818878625,1.93437921201,2.1844961983,1.15313544756,,1.70269347523,,-4.75774402975,-4.38754796301,4.94619216817,5.31638823491,-7.04467942009,3.80137420286,-12.4981887862,-2.8155038017,-21.8893591768,-6.86810796339,-4.38754796301,5.31638823491
2016-01,73.0886696927,3.2000199426,5.20323939971,-3.84973028494,0.0923056371479,1,0,1,1,0,1,72.1916696927,72.1916696927,-3.84973028494,0,-7.21174493188,-6.10784433741,3.36650489791,4.47040549239,-2.14967586,-2.36350335698,2.74759384194,2.53376634495,-3.48795972221,-2.54980743441,1.20516444198,2.14331672977,-1.70402734278,-1.19485236336,2.86303579029,3.37221076972,2.20866153964,2.75242826485,2.74645965706,3.29022638228,-3.85370320278,-3.55835572034,5.61062963223,5.90597711468,-6.10784433741,4.47040549239,-11.1948523634,-1.62778923028,-22.363503357,-7.46623365505,-3.55835572034,5.90597711468
2016-02,72.7858598782,4.23779292032,7.05913927657,-5.07413299942,-0.892863896851,1,0,1,1,0,1,71.8543598782,71.8126932115,-5.07413299942,0,-4.75051541265,-5.66185945831,5.55993062398,4.64858657833,-2.93139595373,-2.2824692816,1.84189223677,2.49081890889,-1.16756522354,-0.942537803014,3.42293545214,3.64796287267,0.867776025253,0.0285669663854,5.31921730686,4.48000824799,4.89548780735,3.92365685489,5.42152601454,4.44969506207,-2.06361992847,-2.25390231522,7.16110954363,6.97082715689,-5.66185945831,4.64858657833,-9.97143303361,-0.519991752006,-22.2824692816,-7.50918109111,-2.25390231522,6.97082715689
2016-03,70.405871004,8.28887801617,11.6035987071,-7.60590065847,-3.5736180995,1,0,1,1,0,1,69.439871004,69.3565376707,-7.60590065847,0,-5.02331803038,-5.36898928576,5.01932421309,4.67365295772,-1.76633603108,-2.66756019692,2.88297064797,1.98174648213,1.8279115367,,6.31578872388,,0.921952216688,0.200169611678,5.25777164683,4.53598904182,4.66682121768,,5.18109951462,,-0.844383814394,-2.46739058525,8.1407422948,6.51773552395,-5.36898928576,4.67365295772,-9.79983038832,-0.464010958184,-22.6675601969,-8.01825351787,-2.46739058525,6.51773552395
2016-04,67.9727799666,7.79928267002,,-12.1659621738,,0,1,1,0,0,0,66.9722799666,66.8472799666,-12.1659621738,0,-6.33313441424,-5.79459807022,3.44170403607,3.98024038009,-3.30494860596,-3.30875565157,1.22037656165,1.21656951605,,,,,-1.18921940691,-0.46656720508,3.03097817176,3.75363037359,,,,,-4.49416801287,-3.77532285665,4.25135473341,4.97019988963,-5.79459807022,3.98024038009,-10.4665672051,-1.24636962641,-23.3087556516,-8.78343048395,-3.77532285665,4.97019988963
2016-05,67.5680979326,5.09730307385,9.78606382899,-10.1698936331,-6.71715767465,1,0,1,1,0,1,66.5330979326,66.3664312659,-10.1698936331,0,-6.02734176604,-6.09222094117,3.47969289111,3.41481371599,-4.85498231765,-4.75296479834,-0.453638661483,-0.351621142165,-0.0103054847663,,4.2723247254,,-1.13243442502,-0.58739058846,2.97214130218,3.51718513874,2.26660259084,,2.7573610673,,-5.98741674268,-5.3403553868,2.51850264069,3.16556399657,-6.09222094117,3.41481371599,-10.5873905885,-1.48281486126,-24.7529647983,-10.3516211422,-5.3403553868,3.16556399657
2016-06,68.3275669243,0.159056464327,17.2812190185,-4.42538493634,0.111386195559,1,0,1,1,0,1,67.2580669243,67.0497335909,-4.42538493634,0,-5.91618664321,-6.57457975248,3.32304422079,2.66465111152,-6.09896347139,-5.71598371287,-1.82160132666,-1.43862156814,-0.413738667654,-0.985379861337,3.766268054,3.19462686032,0.559482066547,-0.849598391256,4.54843594227,3.13935548447,5.38268816669,2.95660923638,5.86168673291,3.43560780261,-5.53948140484,-6.56558210413,2.72683461561,1.70073391633,-6.57457975248,2.66465111152,-10.8495983913,-1.86064451553,-25.7159837129,-11.4386215681,-6.56558210413,1.70073391633
2016-07,68.8225350376,-3.86316538788,23.0363696138,1.12208730055,5.3456112272,1,0,1,1,0,1,67.7185350376,67.4685350376,1.12208730055,0,-7.78021084818,-7.26904722027,1.19121622266,1.70237985057,-6.19400534956,-6.20563227339,-2.04062471628,-2.0522516401,-2.53209543159,-2.65135730927,1.54528780156,1.42602592388,-1.97584281529,-0.855176615043,1.89748920896,3.01815540921,1.22053695163,2.62748344005,1.68777560761,3.09472209603,-8.16984816486,-7.06080888843,-0.143135507314,0.965903769114,-7.26904722027,1.70237985057,-10.855176615,-1.98184459079,-26.2056322734,-12.0522516401,-7.06080888843,0.965903769114
2016-08,71.9972657404,-6.58308202401,21.5857222598,4.93689852026,8.6323442595,1,0,1,1,0,1,70.8587657404,70.5670990738,4.93689852026,0,-8.11074416942,-7.69352365598,0.592879108263,1.0100996217,-6.32392799921,-5.88196683636,-2.29452887736,-1.85256771451,-5.00823782858,,-1.03347808393,,-1.14916909638,-1.23160892797,2.6085410764,2.52610124482,1.27922520182,,1.73470394756,,-7.47309709559,-7.11357576433,0.314012199042,0.673533530302,-7.69352365598,1.0100996217,-11.231608928,-2.47389875518,-25.8819668364,-11.8525677145,-7.11357576433,0.673533530302
2016-09,77.7146467201,-3.71966464445,,7.64848805635,,0,1,1,0,0,0,76.5416467201,76.2083133867,7.64848805635,0,-7.18961595034,-7.48551808043,1.24620353418,0.950301404089,-5.12796716031,-6.09565082842,-1.22254954991,-2.19023321801,,,,,-0.569814872233,-1.33510683421,3.07227344908,2.30698148711,,,,,-5.69778203254,-7.43075766262,1.84972389918,0.116748269099,-7.48551808043,0.950301404089,-11.3351068342,-2.69301851289,-26.0956508284,-12.190233218,-7.43075766262,0.116748269099
2016-10,81.7456309029,-4.90773189813,,6.76975717885,,0,1,1,0,0,0,80.5381309029,80.1631309029,6.76975717885,0,-7.15619412154,-6.52779250151,1.01182156982,1.64022318985,-6.83505732573,-5.31662425793,-3.05362122677,-1.53518815897,,,,,-2.286336534,-1.93257689317,1.24012993584,1.59388957667,,,,,-9.12139385973,-7.24920115111,-1.81349129092,0.0587014177014,-6.52779250151,1.64022318985,-11.9325768932,-3.40611042333,-25.3166242579,-11.535188159,-7.24920115111,0.0587014177014
2016-11,82.5402384994,-1.4962980058,11.9855054534,4.3502590484,8.37017736312,1,0,1,1,0,1,81.2982384994,80.8815718327,4.3502590484,0,-5.23756743266,-6.18331861047,2.66264446554,1.71689328773,-3.98684828776,-4.98939905381,-0.329393700237,-1.33194446629,-6.70435946139,,-3.03747018227,,-2.94157927329,-2.07003261345,0.469265345088,1.34081200493,0.399018866746,,0.81921788176,,-6.92842756105,-7.05943166726,0.139871644851,0.00886753863718,-6.18331861047,1.71689328773,-12.0700326134,-3.65918799507,-24.9893990538,-11.3319444663,-7.05943166726,0.00886753863718
2016-12,78.4591498482,-0.204952899367,11.4492359503,2.72202255513,6.72174156446,1,0,1,1,0,1,77.1826498482,76.7243165149,2.72202255513,0,-6.15619427722,-6.13552825903,1.47621382783,1.49687984601,-4.14629154794,-3.57290893823,-0.612818471861,-0.0394358621468,-2.17003454047,-4.81302689561,1.39423125015,-1.24876110499,-0.982182033059,-3.03522152501,2.31304073385,0.260001241891,2.49275101408,0.00619333381392,2.90119011885,0.414632438587,-5.128473581,-6.60813046324,1.70022226198,0.220565379744,-6.13552825903,1.49687984601,-13.035221525,-4.73999875811,-23.5729089382,-10.0394358621,-6.60813046324,0.220565379744
2017-01,74.2015915573,2.76410882361,3.12651243696,-7.32760621085,-4.98954578187,1,0,1,1,0,1,72.8905915573,72.3905915573,-7.32760621085,0,-7.01282306722,-7.11644996483,0.351781244663,0.248154347058,-2.58558697898,-3.41829229664,0.823904585658,-0.00880073199699,-5.56468668496,,-2.10304438285,,-5.18190326869,-2.9491200703,-2.00230235326,0.230480845137,-2.87318987938,,-2.47651068485,,-7.76749024768,-6.36741236693,-1.1783977676,0.22168011314,-7.11644996483,0.248154347058,-12.9491200703,-4.76951915486,-23.4182922966,-10.008800732,-6.36741236693,0.22168011314
2017-02,70.2700427408,3.64619051106,,-8.62518393381,,0,1,1,0,0,0,68.9245427408,68.3828760741,-8.62518393381,0,-8.18033255004,-7.51504077617,-1.08353203132,-0.418240257444,-3.52299836299,-3.21435445266,-0.237488309788,0.0711556005351,,,,,-2.68327490914,-4.38622058586,0.380704154827,-1.32224152189,,,,,-6.20627327212,-7.60057503852,0.143215845039,-1.25108592136,-7.51504077617,-0.418240257444,-14.3862205859,-6.32224152189,-23.2143544527,-9.92884439946,-7.60057503852,-1.25108592136
2017-03,68.9912223232,6.52073603123,4.76087057653,-13.8213364549,-11.8903606104,1,0,1,1,0,1,67.6112223232,67.0278889898,-13.8213364549,0,-7.35196671124,-7.27668996381,-0.52296998568,-0.447693238244,-3.53447801602,-3.42715503785,-0.372949474265,-0.265626496096,-5.01481659392,,-1.75842126882,,-5.29348357974,-4.3091826949,-2.34512636725,-1.3608254824,-3.64992129322,,-3.27676191917,,-8.82796159576,-7.73633773275,-2.71807584151,-1.6264519785,-7.27668996381,-0.447693238244,-14.3091826949,-6.3608254824,-23.4271550379,-10.2656264961,-7.73633773275,-1.6264519785
2017-04,68.9221437507,7.88024254143,5.25165254653,-15.9275323627,-13.1625843623,1,0,1,1,0,1,67.5076437507,66.8826437507,-15.9275323627,0,-6.29777063014,-6.98274064017,0.263422302262,-0.421547707765,-3.22398873455,-3.27453792885,-0.186441704235,-0.236990898537,-2.81229434552,-2.86450253671,0.341477491074,0.28926929988,-4.95078959581,-4.61143837159,-2.11805423478,-1.77870301057,-1.98265095878,-2.23003242027,-1.62125149497,-1.86863295646,-8.17477833036,-7.88597630044,-2.30449593902,-2.0156939091,-6.98274064017,-0.421547707765,-14.6114383716,-6.77870301057,-23.2745379289,-10.2369908985,-7.88597630044,-2.0156939091
2017-05,67.2109551195,6.88713835552,9.02997264305,-12.6275011473,-10.0412852743,1,0,1,1,0,1,65.7619551195,65.0952884529,-12.6275011473,0,-7.29848457912,-7.0068943313,-1.00509543988,-0.71350519205,-3.06514703598,-3.24959714712,-0.15158151711,-0.336031628247,-0.766396670701,-3.00527557025,2.28475167739,0.0458727778346,-3.59004193922,-5.51975920298,-0.872928429669,-2.80264569343,-1.05752500881,-3.24805646769,-0.707885455245,-2.89841691412,-6.6551889752,-8.7693563501,-1.02450994678,-3.13867732167,-7.0068943313,-0.71350519205,-15.519759203,-7.80264569343,-23.2495971471,-10.3360316282,-8.7693563501,-3.13867732167
2017-06,67.7333257828,2.79836426489,12.2578219916,-13.0033130768,-11.9752954066,1,0,1,1,0,1,66.2498257828,65.5414924495,-13.0033130768,0,-7.42442778462,-7.10909067645,-1.39884243853,-1.08350533036,-3.45965567083,-2.80152300227,-0.670071663394,-0.0119389948381,-5.43713569454,,-2.48861083496,,-8.01844607391,-5.6987406967,-5.41695441583,-3.09724903862,-6.70399343547,,-6.36611379215,,-11.4781017447,-8.50026369897,-6.08702607922,-3.10918803346,-7.10909067645,-1.08350533036,-15.6987406967,-8.09724903862,-22.8015230023,-10.0119389948,-8.50026369897,-3.10918803346
2017-07,70.9123862202,0.451073661679,,-2.38980396112,,0,1,1,0,0,0,69.3943862202,68.6443862202,-2.38980396112,0,-6.6043596656,-6.40371479824,-0.846578112674,-0.645933245313,-1.8797663,-2.60544705539,0.78583619599,0.0601554405986,,,,,-5.48773407696,-5.94242040356,-3.00186427035,-3.45655059695,,,,,-7.36750037697,-8.54786745895,-2.21602807436,-3.39639515635,-6.40371479824,-0.645933245313,-15.9424204036,-8.45655059695,-22.6054470554,-9.9398445594,-8.54786745895,-3.39639515635
2017-08,75.8396529654,-2.73607322015,,1.76498655684,,0,1,1,0,0,0,74.2871529654,73.4954862987,1.76498655684,0,-5.1823569445,-5.6793300647,0.307620815269,-0.189352304932,-2.47691919535,-2.79280822491,0.0647017892003,-0.251187240362,,,,,-4.3210810598,-4.91389518856,-1.95083310466,-2.54364723341,,,,,-6.79800025515,-7.70670341347,-1.88613131546,-2.79483447378,-5.6793300647,-0.189352304932,-14.9138951886,-7.54364723341,-22.7928082249,-10.2511872404,-7.70670341347,-2.79483447378
2017-09,80.5669890864,-2.61343666352,,3.28543249968,,0,1,1,0,0,0,78.9799890864,78.1466557531,3.28543249968,0,-5.251273584,-5.17767031913,-0.0290996173904,0.044503647474,-4.02173917938,-3.07665112333,-1.60409970628,-0.659011650218,,,,,-4.9328704289,-5.08560661947,-2.67824432523,-2.8309805158,,,,,-8.95460960829,-8.1622577428,-4.28234403151,-3.48999216602,-5.17767031913,0.044503647474,-15.0856066195,-7.8309805158,-23.0766511233,-10.6590116502,-8.1622577428,-3.48999216602
2017-10,84.7164445956,-0.803969567642,,3.05322534314,,0,1,1,0,0,0,83.0949445956,82.2199445956,3.05322534314,0,-5.0993804289,-4.97023967528,-0.145010255456,-0.0158695018344,-2.73129499524,-3.22052563338,-0.437637033577,-0.92686767171,,,,,-6.00286836971,-5.48517064686,-3.86386411751,-3.34616639466,,,,,-8.73416336495,-8.70569628023,-4.30150115109,-4.27303406637,-4.97023967528,-0.0158695018344,-15.4851706469,-8.34616639466,-23.2205256334,-10.9268676717,-8.70569628023,-4.27303406637
2017-11,84.1317409191,-0.417992443545,,1.77206517973,,0,1,1,0,0,0,82.4757409191,81.5590742524,1.77206517973,0,-4.56006501295,-4.43562301385,0.126501367344,0.250943366437,-2.9085427255,-3.43577045043,-0.738866275275,-1.2660940002,,,,,-5.51977314196,-5.28262249177,-3.49639074123,-3.25924009104,,,,,-8.42831586746,-8.71839294219,-4.2352570165,-4.52533409124,-4.43562301385,0.250943366437,-15.2826224918,-8.25924009104,-23.4357704504,-11.2660940002,-8.71839294219,-4.52533409124
2017-12,81.8819205257,-0.72613498196,,-0.621021375443,,0,1,1,0,0,0,80.1914205257,79.2330871924,-0.621021375443,0,-3.64742359971,-3.97367694691,0.771338987423,0.445085640219,-4.66747363054,-3.95132026936,-2.62177869175,-1.90562533058,,,,,-4.32522596363,-4.07091726179,-2.41746541437,-2.16315671253,,,,,-8.99269959417,-8.02223753115,-5.03924410612,-4.06878204311,-3.97367694691,0.445085640219,-14.0709172618,-7.16315671253,-23.9513202694,-11.9056253306,-8.02223753115,-4.06878204311
2018-01,78.4148723965,1.07175135054,,-4.51345562193,,0,1,1,0,0,0,76.6898723965,75.6898723965,-4.51345562193,0,-3.71354222808,-4.04874209329,0.437416565891,0.102216700683,-4.27794445206,-4.23705600099,-2.35623102471,-2.31534257364,,,,,-2.36775267977,-3.33645937216,-0.575613981984,-1.54432067437,,,,,-6.64569713183,-7.57351537314,-2.9318450067,-3.85966324801,-4.04874209329,0.102216700683,-13.3364593722,-6.54432067437,-24.237056001,-12.3153425736,-7.57351537314,-3.85966324801
2018-02,74.5791148387,3.40343895368,,-9.25830849774,,0,1,1,0,0,0,72.8196148387,71.7779481721,-9.25830849774,0,-4.78526045208,-4.67503646632,-0.902105451266,-0.79188146551,-3.76574992037,-3.60271208577,-1.96801800447,-1.80498016987,,,,,-3.31639947307,-3.40463250899,-1.63988262675,-1.72811566267,,,,,-7.08214939343,-7.00734459476,-3.60790063121,-3.53309583254,-4.67503646632,-0.79188146551,-13.404632509,-6.72811566267,-23.6027120858,-11.8049801699,-7.00734459476,-3.53309583254
2018-03,71.7308823156,7.29077216238,,-13.0575982493,,0,1,1,0,0,0,69.9368823156,68.8535489823,-13.0575982493,0,-5.52630671881,-4.90288943479,-1.91095551116,-1.28753822714,-2.76444188488,-3.11817557999,-1.09069148042,-1.44442517553,,,,,-4.52974537414,-3.64487221811,-2.96885037929,-2.08397722326,,,,,-7.29418725902,-6.76304779809,-4.05954185971,-3.52840239878,-4.90288943479,-1.28753822714,-13.6448722181,-7.08397722326,-23.11817558,-11.4444251755,-6.76304779809,-3.52840239878
2018-04,71.7368132474,8.27989634126,,-14.065214574,,0,1,1,0,0,0,69.9083132474,68.7833132474,-14.065214574,0,-4.39710113349,-4.78854107463,-1.04955371899,-1.44099366013,-2.82433493472,-3.48857991566,-1.2745660417,-1.93881102265,,,,,-3.08847180711,-3.42133751866,-1.64319866373,-1.97606437528,,,,,-5.91280674182,-6.90991743432,-2.91776470543,-3.91487539792,-4.78854107463,-1.44099366013,-13.4213375187,-6.97606437528,-23.4885799157,-11.9388110226,-6.90991743432,-3.91487539792
2018-05,70.9812243271,5.07532246411,,-11.6832545828,,0,1,1,0,0,0,69.1182243271,67.9515576604,-11.6832545828,0,-4.44221537159,-4.51383073219,-1.36247175025,-1.43408711086,-4.8769629274,-3.50629006017,-3.45117554582,-2.08050267859,,,,,-2.64579537472,-2.97832051195,-1.31614408281,-1.64866922004,,,,,-7.52275830212,-6.48461057212,-4.76731962863,-3.72917189864,-4.51383073219,-1.43408711086,-12.978320512,-6.64866922004,-23.5062900602,-12.0805026786,-6.48461057212,-3.72917189864
2018-06,71.369577876,3.44044761732,13.6051804655,-8.18556135691,-7.81436045454,1,0,1,1,0,1,69.472077876,68.2637445426,-8.18556135691,0,-4.7021756915,-4.37063472107,-1.89023586332,-1.5586948929,-2.81757231839,-3.14204654006,-1.51576644826,-1.84024066993,-4.08977722063,,-2.37273422312,,-3.20069435402,-3.20639796765,-1.98666491358,-1.99236852721,-2.54305848341,,-2.34629776298,,-6.01826667242,-6.34844450771,-3.50243136184,-3.83260919714,-4.37063472107,-1.5586948929,-13.2063979676,-6.99236852721,-23.1420465401,-11.8402406699,-6.34844450771,-3.83260919714
2018-07,74.4632327857,0.599235587288,22.1634990214,-0.674774058353,0.484098717779,1,0,1,1,0,1,72.5312327857,71.2812327857,-0.674774058353,0,-3.96751310014,-4.04113967546,-1.42337706512,-1.49700364045,-1.73160437439,-2.55150231984,-0.553780015699,-1.37367796114,-3.40496602395,,-1.79054651495,,-3.7727041742,-3.26495655478,-2.67429658523,-2.16654896581,-3.64097555779,,-3.45597474761,,-5.50430854859,-5.81645887462,-3.22807660093,-3.54022692696,-4.04113967546,-1.49700364045,-13.2649565548,-7.16654896581,-22.5515023198,-11.3736779611,-5.81645887462,-3.54022692696
2018-08,78.4822796751,-3.36448429152,,3.26459648052,,0,1,1,0,0,0,76.5157796751,75.2241130084,3.26459648052,0,-3.45373023475,-3.62542711714,-1.17739799289,-1.34909487528,-3.10533026672,-2.57796253582,-2.05148741947,-1.52411968857,,,,,-2.82147113612,-2.93821109908,-1.83868539862,-1.95542536158,,,,,-5.92680140285,-5.5161736349,-3.8901728181,-3.47954505015,-3.62542711714,-1.34909487528,-12.9382110991,-6.95542536158,-22.5779625358,-11.5241196886,-5.5161736349,-3.47954505015
2018-09,83.2772246539,-1.48865045048,,5.99784494167,,0,1,1,0,0,0,81.2762246539,79.9428913206,5.99784494167,0,-3.45503801653,-2.81024458597,-1.44650956783,-0.801716137272,-2.89695296634,-2.60784990379,-1.96709163053,-1.67798856797,,,,,-2.22045798691,-1.91645036142,-1.35329410088,-1.04928647539,,,,,-5.11741095326,-4.5243002652,-3.32038573142,-2.72727504337,-2.81024458597,-0.801716137272,-11.9164503614,-6.04928647539,-22.6078499038,-11.677988568,-4.5243002652,-2.72727504337
2018-10,89.2078595178,0.106058949314,18.8915440168,8.34867175163,9.8982562904,1,0,1,1,0,1,87.1723595178,85.7973595178,8.34867175163,0,-1.52196550663,-2.52457837128,0.218759148908,-0.783853715746,-1.82126647829,-1.89711380285,-1.01538665392,-1.09123397848,-3.77822925877,,-2.47168021528,,-0.707421961221,-1.5632994884,0.0441200733359,-0.811757453843,0.0751699753384,,0.224891054801,,-2.52868843951,-3.46041329125,-0.971266580583,-1.90299143232,-2.52457837128,-0.783853715746,-11.5632994884,-5.81175745384,-21.8971138028,-11.0912339785,-3.46041329125,-1.90299143232
2018-11,87.0090743413,1.51742831804,16.0256213888,5.52981980462,6.19353305287,1,0,1,1,0,1,84.9390743413,83.5224076747,5.52981980462,0,-2.59673159069,-2.28658165887,-1.12381072831,-0.813660796491,-0.973121963917,-0.302578289192,-0.291223650989,0.379320023736,-2.664243526,-4.13424576375,-1.46031797102,-2.93032020878,-1.76201851707,-2.24579827434,-1.12609833398,-1.60987809125,-1.7776254435,-2.10408972544,-1.63966427428,-1.96612855622,-2.73514048098,-2.54837656353,-1.41732198497,-1.23055806752,-2.28658165887,-0.813660796491,-12.2457982743,-6.60987809125,-20.3025782892,-9.62067997626,-2.54837656353,-1.23055806752
2018-12,83.7022962461,5.8279922232,7.65900598425,-0.56374975654,-0.380823157783,1,0,1,1,0,1,81.5977962461,80.1394629128,-0.56374975654,0,-2.74104787928,-2.56443512941,-1.53593081007,-1.35931806019,1.88665357463,1.02524365269,2.44457037611,1.58316045417,-5.96026450649,-2.51402917,-4.85896244002,-1.41272710353,-4.26795434473,-1.91603763154,-3.74765601311,-1.39573929992,-4.60981370817,-1.90985751645,-4.48361244919,-1.78365625747,-2.3813007701,-0.890793978852,-1.303085637,0.187421154251,-2.56443512941,-1.35931806019,-11.9160376315,-6.39573929992,-18.9747563473,-8.41683954583,-0.890793978852,0.187421154251
2019-01,80.6868887063,7.51189514995,9.7736196444,-1.86384297498,-1.45848930017,1,0,1,1,0,1,78.5478887063,77.0478887063,-1.86384297498,0,-2.35552591825,-1.81161695052,-1.4182126422,-0.874303674466,2.16219934735,1.67633896797,2.5961346374,2.11027425802,1.08242052248,-1.68941711749,2.08109910045,-0.690738539524,0.281859967176,-0.942634814257,0.686536447322,-0.537958334111,0.657866602319,-0.961100709422,0.772307951057,-0.846659360684,2.44405931453,0.733704153714,3.28267108472,1.57231592391,-1.81161695052,-0.874303674466,-10.9426348143,-5.53795833411,-18.323661032,-7.88972574198,0.733704153714,1.57231592391
2019-02,79.9400982368,8.14935285598,8.03629713165,-4.78371908989,-4.71970672662,1,0,1,1,0,1,77.7665982368,76.2249315701,-4.78371908989,0,-0.338277054033,-0.797918499222,0.331232428866,-0.128409016323,0.980163981932,1.92582267679,1.29011776054,2.2357764554,-0.190407368456,0.628441147484,0.705647721001,1.52449623694,1.15818993478,1.37856977085,1.44724456346,1.66762439953,1.06864497758,1.47748008396,1.17132641608,1.58016152246,2.13835391671,3.30439244765,2.73736232399,3.90340085493,-0.797918499222,-0.128409016323,-8.62143022915,-3.33237560047,-18.0741773232,-7.7642235446,3.30439244765,3.90340085493
2019-03,78.471236509,12.6903187484,10.7689974589,-5.83219346456,-5.5345106452,1,0,1,1,0,1,76.263236509,74.6799031757,-5.83219346456,0,0.300047474621,0.315285705252,0.701753164361,0.716991394991,2.6351047011,1.95314351642,2.82107696826,2.13911578359,0.993310288424,0.760103854073,1.78674188937,1.55353545502,2.6956594106,2.01750483462,2.8690921878,2.19093761183,2.70592867198,2.07428793029,2.79685020023,2.16520945855,5.3307641117,3.97064835105,5.69016915606,4.33005339541,0.315285705252,0.716991394991,-7.98249516538,-2.80906238817,-18.0468564836,-7.86088421641,3.97064835105,4.33005339541
2019-04,78.032001076,13.3483931422,9.54135553431,-8.77807760841,-8.73164326221,1,0,1,1,0,1,75.789501076,74.164501076,-8.77807760841,0,0.984086695166,0.595728714824,1.11798859175,0.729630611404,2.24416186624,1.87320743829,2.30615262196,1.93519819401,1.47740864225,0.755084334769,2.1682167547,1.44589244721,2.19866515848,1.88907120663,2.25647608422,1.94688213237,2.44829014131,2.10613878048,2.52745175933,2.1853003985,4.44282702472,3.76227864492,4.56262870618,3.88208032637,0.595728714824,0.729630611404,-8.11092879337,-3.05311786763,-18.1267925617,-8.06480180599,3.76227864492,3.88208032637
2019-05,76.8404916733,10.692641139,9.59090338738,-8.26457015727,-7.81956273733,1,0,1,1,0,1,74.5634916733,72.8968250067,-8.26457015727,0,0.503051974684,0.669121294886,0.369150078104,0.535219398306,0.740355747524,1.28048274851,0.678364991803,1.21849199279,-0.205465926368,0.998577915984,0.38271869757,1.58676253992,0.772889050808,1.77767346838,0.715078125073,1.71986254264,1.16419752816,2.27615037885,1.23159923593,2.34355208662,1.51324479833,3.05815621689,1.39344311688,2.93835453543,0.669121294886,0.535219398306,-8.22232653162,-3.28013745736,-18.7195172515,-8.78150800721,3.05815621689,2.93835453543
2019-06,77.5059787823,7.11495056748,19.4187487182,-2.62340080705,-2.05533850405,1,0,1,1,0,1,75.1944787823,73.4861454489,-2.62340080705,0,0.520225214807,1.18331089473,0.118519525068,0.781605204995,0.856930631767,1.06918884393,0.670958364605,0.883216576767,1.72379103207,1.14991474957,2.2093521675,1.635475885,2.36146619584,2.60837448476,2.18803341863,2.43494170755,3.21596346708,2.94253877661,3.27160526461,2.99818057415,3.2183968276,3.67756332869,2.85899178324,3.31815828432,1.18331089473,0.781605204995,-7.39162551524,-2.56505829245,-18.9308111561,-9.11678342323,3.67756332869,3.31815828432
2019-07,81.8714013805,3.94112011418,27.4998841884,7.78869832347,8.57252961018,1,0,1,1,0,1,79.5254013805,77.7754013805,7.78869832347,0,2.52665549471,1.74961851491,1.85714601181,1.08010903201,1.6102801525,1.54670259542,1.30032637389,1.23674881682,1.93141914301,1.07092350855,2.31435678993,1.45386115548,4.69076820763,3.90220993511,4.40171357895,3.61315530643,4.44745533461,3.88456242634,4.4913372219,3.92844431363,6.30104836012,5.44891253053,5.70203995284,4.84990412325,1.74961851491,1.08010903201,-6.09779006489,-1.38684469357,-18.4532974046,-8.76325118318,5.44891253053,4.84990412325
2019-08,85.0519847451,1.91374297719,26.1515204389,10.7404630185,11.343387535,1,0,1,1,0,1,82.6714847451,80.8798180784,10.7404630185,0,2.2019748352,2.42540439426,1.26466155914,1.4880911182,2.17289700199,1.72108597316,1.73896171195,1.28715068312,-0.442439649417,1.36392405767,-0.162125490997,1.64423821609,4.65439540186,4.99163513337,4.24971892171,4.58695865322,3.99026847732,4.71631689982,4.02239045437,4.74843887687,6.82729240385,6.71272110653,5.98868063366,5.87410933634,2.42540439426,1.4880911182,-5.00836486663,-0.413041346779,-18.2789140268,-8.71284931688,6.71272110653,5.87410933634
2019-09,90.1938455233,2.78838328086,28.7696724565,13.8480447192,14.8957296981,1,0,1,1,0,1,87.7788455233,85.9455121899,13.8480447192,0,2.54758285286,1.86657217195,1.34246578364,0.661455102733,1.380080765,1.55672218591,0.82216396351,0.998805384425,2.60279267943,0.911713887621,2.78048334934,1.08940455753,5.62974179062,4.41557114117,5.109443459,3.89527280956,5.71122688753,4.21785846113,5.73158895434,4.23822052794,7.00982255561,5.97229332709,5.93160742251,4.89407819398,1.86657217195,0.661455102733,-5.58442885883,-1.10472719044,-18.4432778141,-9.00119461557,5.97229332709,4.89407819398
2019-10,92.4939838523,3.04451421835,23.2445619084,12.0186699439,12.7751663336,1,0,1,1,0,1,90.0444838523,88.1694838523,12.0186699439,0,0.850158827795,1.63471274198,-0.622762034581,0.161791879603,1.11718879074,1.81794733594,0.435290477815,1.13604902301,0.574788632853,0.107259362899,0.64985581426,0.182326544306,2.96257623105,3.19002693602,2.32665604796,2.55410675293,2.95208001854,3.00266579745,2.9606821751,3.01126795402,4.07976502179,5.00797427196,2.76194652578,3.69015577594,1.63471274198,0.161791879603,-6.80997306398,-2.44589324707,-18.1820526641,-8.86395097699,5.00797427196,3.69015577594
2019-11,92.0262024773,5.44712273404,15.8340616912,8.26960110807,8.31584898266,1,0,1,1,0,1,89.5422024773,87.6255358107,8.26960110807,0,1.50639654529,1.1261811397,-0.234328110249,-0.614543515835,2.95657245208,2.22366836477,2.15069262772,1.41778854041,-2.85580322358,-1.02453300985,-2.88335953068,-1.05208931695,0.977762786383,1.20971018528,0.226220751826,0.45816815072,0.344690486286,0.62553094821,0.34153273261,0.622373194535,3.93433523847,3.43337855005,2.37691337954,1.87595669113,1.1261811397,-0.614543515835,-8.79028981472,-4.54183184928,-17.7763316352,-8.58221145959,3.43337855005,1.87595669113
2019-12,88.3793321714,6.53858250007,12.8266860519,3.39299612659,2.80881289019,1,0,1,1,0,1,85.8608321714,83.9024988381,3.39299612659,0,1.02198804602,0.782530423651,-0.986540402674,-1.22599802504,2.5972438515,3.20734944165,1.66738251568,2.27748810584,-0.792584438817,-0.622708061266,-0.922764234422,-0.752887856871,-0.311208461599,1.92391271328,-1.17837234763,1.05674882725,-1.42017766019,1.20906802598,-1.43509532411,1.19415036206,2.2860353899,5.13126215493,0.489010168057,3.33423693309,0.782530423651,-1.22599802504,-8.07608728672,-3.94325117275,-16.7926505584,-7.72251189416,5.13126215493,3.33423693309
2020-01,83.7756213042,9.41792782396,10.4714626005,2.95948087289,2.58633534936,1,0,1,1,0,1,81.2226213042,79.2226213042,2.95948087289,0,-0.180793320356,0.63490423136,-2.45712556221,-1.64142801049,4.06823202137,2.89902037734,3.01438917412,1.84517753009,1.7802634786,0.0667943085263,1.54746019449,-0.166008975585,5.10518381505,2.340141484,4.12239807755,1.3573557465,4.70269125185,1.51539835595,4.67601367769,1.48872078179,9.17341583641,5.23916186134,7.13678725166,3.20253327659,0.63490423136,-1.64142801049,-7.659858516,-3.6426442535,-17.1009796227,-8.15482246991,5.23916186134,3.20253327659
2020-02,82.2558932592,9.20077413321,7.4394083859,-3.71545992613,-4.52467022801,1,0,1,1,0,1,79.6683932592,77.6267265926,-3.71545992613,0,1.06351796841,0.39059824584,-1.4806180666,-2.15353778917,2.03158525916,2.7081870353,0.853760900463,1.53036267661,-0.787296114207,0.746270840875,-1.12272288682,0.410844068258,2.22644909854,5.13054517609,1.12804150957,4.03213758713,1.26368147619,4.65712414727,1.22524399179,4.61868666287,4.2580343577,7.83873221139,1.98180241004,5.56250026373,0.39059824584,-2.15353778917,-4.86945482391,-0.967862412875,-17.2918129647,-8.46963732339,7.83873221139,5.56250026373
2020-03,79.3742591239,12.0799578726,11.0215323287,-0.467850260465,-0.235439603401,1,0,1,1,0,1,76.7522591239,74.6689257905,-0.467850260465,0,0.289070089462,1.26478940961,-2.52286973871,-1.54715041857,2.02474382537,2.45972649678,0.722937955239,1.15792062664,1.24584515823,-0.523121559812,0.807794897105,-0.961171820935,8.06000261469,4.47561207949,6.84597317425,3.26158263905,8.00499971378,4.00212578077,7.95480231914,3.95192838613,10.0847464401,6.93533857627,7.56891112949,4.41950326569,1.26478940961,-1.54715041857,-5.52438792051,-1.73841736095,-17.5402735032,-8.84207937336,6.93533857627,4.41950326569
2020-04,80.4036945518,14.4270816818,6.0360331686,-7.83635824166,-8.44223725119,1,0,1,1,0,1,77.7471945518,75.6221945518,-7.83635824166,0,2.44178017094,1.89937223088,-0.637963450388,-1.18037139045,3.32285040581,2.23071764986,1.89706302423,0.804930268279,-2.02791372346,-0.518042370026,-2.56858747309,-1.05871611966,3.14038452523,3.64271820775,1.81073323333,2.31306691584,2.73769615233,3.13478739887,2.67573884745,3.07283009398,6.46323493104,5.8734358576,3.70779625755,3.11799718412,1.89937223088,-1.18037139045,-6.35728179225,-2.68693308416,-17.7692823501,-9.19506973172,5.8734358576,3.11799718412
2020-05,80.2187061309,11.2968441099,9.0243107689,-9.30969172476,-10.322093935,1,0,1,1,0,1,77.5277061309,75.3610394642,-9.30969172476,0,2.96726643224,2.88692684759,-0.380280982253,-0.460620566906,1.34455871839,2.29937354909,-0.205210174632,0.749604656068,-0.772058544849,0.186654299628,-1.41535578298,-0.456642938508,-0.272232516682,2.75010396159,-1.71750566006,1.30483081821,-1.33833366951,2.03145017491,-1.41205088464,1.95773295978,1.0723262017,5.04947751068,-1.92271583469,2.05443547428,2.88692684759,-0.460620566906,-7.24989603841,-3.69516918179,-17.7006264509,-9.25039534393,5.04947751068,2.05443547428
2020-06,81.151487507,8.48873145878,21.0548928533,0.397292873332,-0.576313929226,1,0,1,1,0,1,78.425987507,76.2176541737,0.397292873332,0,3.25173393957,3.12338461627,-0.363617268078,-0.491966591386,2.23071152307,1.73104518355,0.556961118607,0.0572947790936,3.35993516719,1.28916410317,2.61401444055,0.543243376529,5.38215987622,5.0649882751,3.82126488137,3.50409328025,4.6949880419,4.34089232044,4.60951091654,4.25541519507,7.61287139929,6.79603345865,4.37822599998,3.56138805934,3.12338461627,-0.491966591386,-4.9350117249,-1.49590671975,-18.2689548164,-9.94270522091,6.79603345865,3.56138805934
2020-07,83.4098993628,3.94870527089,26.8480807326,13.1829675816,13.7910968645,1,0,1,1,0,1,80.6498993628,78.3998993628,13.1829675816,0,3.15115347698,3.1692978034,-0.732001523827,-0.713857197411,1.61786530921,0.985177442734,-0.179866606694,-0.812554473167,1.27961568717,2.45923619222,0.431071472023,1.61069197708,10.0850374658,7.41300938491,8.40852061944,5.73649253859,9.66602258893,6.72301227612,9.56878555332,6.62577524051,11.702902775,8.39818682764,8.22865401274,4.92393806542,3.1692978034,-0.713857197411,-2.58699061509,0.736492538591,-19.0148225573,-10.8125544732,8.39818682764,4.92393806542
2020-08,86.8690159035,-1.15219852887,29.3321178106,12.8578984294,13.1611452552,1,0,1,1,0,1,84.0745159035,81.7828492368,12.8578984294,0,3.10500599364,3.23884098488,-1.04595280033,-0.912117809089,-0.893044504071,0.218084423882,-2.81475793141,-1.70362900346,2.73815772231,0.382547963289,1.78699001866,-0.568619740366,6.77183081276,6.64159076774,4.97969211497,4.84945206995,5.80802619752,5.7637689798,5.69902925168,5.65477203395,5.87878630869,6.85967519163,2.16493418355,3.14582306649,3.23884098488,-0.912117809089,-3.35840923226,-0.150547930047,-19.7819155761,-11.7036290035,6.85967519163,3.14582306649
2020-09,92.0206261544,1.33773498237,23.2967502575,11.2862069533,11.0017609635,1,0,1,1,0,1,89.1916261544,86.8582928211,11.2862069533,0,3.46036348402,2.98322430904,-0.958399103112,-1.43553827809,-0.0705675334902,0.293386179049,-2.11626247227,-1.75230875973,-2.87012951962,0.196372957542,-3.92392071178,-0.857418234619,3.06790402472,3.52703541795,1.16014347546,1.61927486869,1.81725815293,2.29028360473,1.69650129684,2.16952674864,2.99733649123,3.820421597,-0.956118996817,-0.13303389104,2.98322430904,-1.43553827809,-6.47296458205,-3.38072513131,-19.706613821,-11.7523087597,3.820421597,-0.13303389104
2020-10,94.9421284739,3.77109600231,23.3908639455,9.79746512924,9.06865277879,1,0,1,1,0,1,92.0786284739,89.7036284739,9.79746512924,0,2.38430344945,3.5787242621,-2.30226293084,-1.10784211819,1.84377057471,0.669961722347,-0.325905875516,-1.49971472788,0.72109066993,-0.336579011413,-0.435324010737,-1.49299369208,0.741371416389,1.84570055956,-1.28201098434,-0.177681841175,-0.754433536272,0.355379383616,-0.886950302603,0.222862617284,2.5851419911,2.5156622819,-1.60791685986,-1.67739656905,3.5787242621,-1.10784211819,-8.15429944044,-5.17768184117,-19.3300382777,-11.4997147279,2.5156622819,-1.67739656905
2020-11,96.3253117849,2.72723240778,19.8291667302,9.01966455925,7.97447203056,1,0,1,1,0,1,93.4273117849,91.0106451182,9.01966455925,0,4.89150585285,3.89870655914,-0.0628643206011,-1.05566361431,0.236682125823,0.961210866736,-2.05697583584,-1.33244709493,1.13930181545,1.36903727759,-0.119736353726,0.109999108416,1.72782623756,2.46027133072,-0.411178014638,0.321267078519,0.00331353418553,0.615329082474,-0.140963142387,0.471052405901,1.96450836339,3.42148219746,-2.46815385048,-1.01118001641,3.89870655914,-1.05566361431,-7.53972866928,-4.67873292148,-19.0387891333,-11.3324470949,3.42148219746,-1.01118001641
2020-12,92.6916545006,4.74451854825,15.8659898381,8.6158209264,6.82609779989,1,0,1,1,0,1,89.7591545006,87.3008211672,8.6158209264,0,4.42031037514,4.88431748778,-0.801863591471,-0.337856478831,0.803179899675,0.372742370716,-1.61445957343,-2.04489710239,2.24671934739,1.92773482532,0.88505768971,0.566073167637,4.91161633821,4.32412750808,2.65699023454,2.06950140441,2.59710724951,2.60364424473,2.44107066269,2.44760765791,5.71479623789,4.6968698788,1.04253066111,0.0246043020199,4.88431748778,-0.337856478831,-5.67587249192,-2.93049859559,-19.6272576293,-12.0448971024,4.6968698788,0.0246043020199
2021-01,90.2115508599,5.42806088924,11.088382435,4.18723700632,3.094156048,1,0,1,1,0,1,87.2445508599,84.7445508599,4.18723700632,0,5.34113623535,4.55007990375,-0.148841524421,-0.939897856014,0.0783650866507,0.851666797988,-2.4632558979,-1.68995418656,2.39718331311,1.90887928117,0.932898166927,0.444594134989,6.33293994848,5.43211694084,3.96269199333,3.0618689857,5.21051195049,3.71611695505,5.04271545343,3.548320458,6.41130503513,6.28378373883,1.49943609544,1.37191479914,4.55007990375,-0.939897856014,-4.56788305916,-1.9381310143,-19.148333202,-11.6899541866,6.28378373883,1.37191479914
2021-02,85.9951683916,8.84264428169,9.30943968313,-0.890114488825,-2.44762003904,1,0,1,1,0,1,82.9936683916,80.4520017249,-0.890114488825,0,3.88879310078,4.74173005988,-1.86898845215,-1.01605149305,1.67345540764,0.743180532333,-0.992147088354,-1.92242196366,1.08273518302,1.40165400279,-0.484173451672,-0.165254631906,5.05179453585,4.72050341237,2.56592472924,2.23463360575,3.34073166516,3.2828614751,3.16117525786,3.10330506781,6.72524994348,5.4636839447,1.57377764088,0.312211642097,4.74173005988,-1.01605149305,-5.27949658763,-2.76536639425,-19.2568194677,-11.9224219637,5.4636839447,0.312211642097
2021-03,84.9944498779,10.53293515,10.5007306827,-5.75107712238,-6.94309850752,1,0,1,1,0,1,81.9584498779,79.3751165446,-5.75107712238,0,4.99526084351,5.15248582947,-1.03032450257,-0.873099516613,0.477721102712,0.15415488605,-2.31186290472,-2.63542912138,0.725043512226,0.717660251764,-0.944488610972,-0.951871871435,2.77677575278,3.96860220724,0.175284094695,1.36711054915,1.29734080966,2.33067663872,1.10602449212,2.13936032118,3.25449685549,4.12275709329,-2.13657881003,-1.26831857223,5.15248582947,-0.873099516613,-6.03139779276,-3.63288945085,-19.845845114,-12.6354291214,4.12275709329,-1.26831857223
2021-04,85.449317925,9.41551942378,8.4091489521,-6.89950643381,-8.82597596218,1,0,1,1,0,1,82.378817925,79.753817925,-6.89950643381,0,6.57340354413,5.94495844114,0.280014404885,-0.34843069811,-1.6887118522,0.0557789313771,-4.60227737107,-2.8577865875,0.345202060044,0.938934687796,-1.42695355166,-0.833220923909,4.07723633308,4.79083191565,1.36012282353,2.0737184061,2.35395744134,2.91023052373,2.15088121356,2.70715429595,2.38852448088,4.84661084703,-3.24215454754,-0.784068181396,5.94495844114,-0.34843069811,-5.20916808435,-2.9262815939,-19.9442210686,-12.8577865875,4.84661084703,-0.784068181396
2021-05,84.4316506344,11.3306129351,11.5429278049,-1.51897554698,-3.9043669453,1,0,1,1,0,1,81.3266506344,78.6599839677,-1.51897554698,0,6.26621093577,6.36367635514,-0.294981996639,-0.197516577264,1.37832754362,0.860262862704,-1.6592194867,-2.17728416761,1.74655849112,1.62408807024,-0.128220609094,-0.250691029971,7.5184836611,6.73942099655,4.68574830007,3.90668563553,5.07939332019,4.86217603245,4.86455718217,4.64733989443,8.89681120472,7.59968385926,3.02652881338,1.72940146792,6.36367635514,-0.197516577264,-3.26057900345,-1.09331436447,-19.1397371373,-12.1772841676,7.59968385926,1.72940146792
2021-06,85.065168153,9.14919283241,20.4754613457,3.63767599259,1.8818753647,1,0,1,1,0,1,81.925668153,79.2173348197,3.63767599259,0,6.25141458553,6.41360943256,-0.577582140038,-0.415387292999,2.89117289669,2.66697594227,-0.270355645063,-0.494552599489,2.78050365956,1.7370213274,0.80310107084,-0.240381261314,8.62254299548,6.7531004206,5.67418578298,3.8047432081,7.15317733583,4.51258885544,6.92658128756,4.28599280718,11.5137158922,9.42007636286,5.40383013792,3.31019060861,6.41360943256,-0.415387292999,-3.2468995794,-1.1952567919,-17.3330240577,-10.4945525995,9.42007636286,3.31019060861
2021-07,87.8959486622,6.06226734817,26.2524668769,7.21620472106,5.43027018587,1,0,1,1,0,1,84.7219486622,81.9719486622,7.21620472106,0,6.7232027764,6.77035580656,-0.373597742321,-0.326444712168,3.73142738649,2.5852327384,0.445917333292,-0.7002773148,0.684001831534,2.2549978743,-1.39602424569,0.174971797081,4.11827460522,6.70756953358,1.05429554125,3.64359046962,1.3051959103,4.51386618712,1.06683995179,4.27551022861,7.84970199171,9.29280227198,1.50021287454,2.94331315482,6.77035580656,-0.326444712168,-3.29243046642,-1.35640953038,-17.4147672616,-10.7002773148,9.29280227198,2.94331315482
2021-08,92.0144599676,0.873943907209,29.8944482202,13.4679586167,12.4363443729,1,0,1,1,0,1,88.8059599676,86.0142933009,13.4679586167,0,7.33645005774,6.97934443827,-0.0281542541463,-0.385259873615,1.13309793201,2.57150797057,-2.27639363263,-0.837983594068,3.30048813182,2.68990025313,1.11783856609,0.507250687399,7.38189100006,5.6161341442,4.20229008462,2.43653322876,5.08322531522,3.05760990605,4.83310944648,2.80749403731,8.51498893207,8.18764211477,1.92589645199,1.59854963469,6.97934443827,-0.385259873615,-4.3838658558,-2.56346677124,-17.4284920294,-10.8379835941,8.18764211477,1.59854963469
2021-09,96.3526431511,4.25830110908,30.2520905731,13.5665397559,11.9689113032,1,0,1,1,0,1,93.1096431511,90.2763098177,13.5665397559,0,6.87838048066,7.16317739469,-0.754027624378,-0.469230710351,2.84999859321,2.05316841853,-0.683474482867,-1.48030465755,4.08521079603,3.90334071772,1.79993774179,1.61806766349,5.34823682732,6.85975593744,2.05301406041,3.56453317054,2.78440849263,4.344646308,2.52253271365,4.08277052901,8.19823542053,8.91292435597,1.36953957755,2.08422851299,7.16317739469,-0.469230710351,-3.14024406256,-1.43546682946,-17.9468315815,-11.4803046575,8.91292435597,2.08422851299
2021-10,100.74652667,4.10373415798,26.9940965009,16.9052336978,14.9893914312,1,0,1,1,0,1,97.4690266701,94.5940266701,16.9052336978,0,7.27470164567,7.21739170051,-0.625510252529,-0.682820197695,2.17640873038,2.22062094922,-1.48104585714,-1.4368336383,4.32432322531,4.8605930917,1.93642668257,2.47269654896,7.84913998495,6.69830351549,4.43829536657,3.28745889712,5.16630511614,4.07906817213,4.89266942691,3.8054324829,10.0255487153,8.91892446471,2.95724950943,1.85062525882,7.21739170051,-0.682820197695,-3.30169648451,-1.71254110288,-17.7793790508,-11.4368336383,8.91892446471,1.85062525882
2021-11,99.8468989072,4.12600580603,24.8621101685,14.1893720559,12.257649404,1,0,1,1,0,1,96.5348989072,93.6182322406,14.1893720559,0,7.49909297518,7.0577683787,-0.668922716178,-1.11024731266,1.63545552407,1.99797312664,-2.14598057489,-1.78346297233,6.17224525375,5.75663194015,3.6817252225,3.26611190891,6.89753373421,7.63890314359,3.37106726437,4.11243667375,4.28649090763,5.15248810763,4.00109530816,4.86709250816,8.53298925829,9.63687627023,1.22508668948,2.32897370142,7.0577683787,-1.11024731266,-2.36109685641,-0.887563326255,-18.0020268734,-11.7834629723,9.63687627023,2.32897370142
2021-12,95.5848546407,6.12339377403,20.3925978321,11.8742402998,10.2336588495,1,0,1,1,0,1,92.2383546407,89.2800213073,11.8742402998,0,6.39951051524,6.91035665117,-2.03630896928,-1.52546283335,2.18205512546,2.41227221956,-1.72336248495,-1.49314539084,6.7733273414,5.22672374016,4.18018382165,2.6335802204,8.17003571161,6.92553463393,4.52794739029,3.28344631261,6.00466829912,4.44230034977,5.70751278941,4.14514484006,10.3520908371,9.33780685349,2.80458490535,1.79030092177,6.91035665117,-1.52546283335,-3.07446536607,-1.71655368739,-17.5877277804,-11.4931453908,9.33780685349,1.79030092177
2022-01,92.6168810877,8.76900181174,11.4257977472,3.56333151381,0.919385940072,1,0,1,1,0,1,89.2358810877,86.2358810877,3.56333151381,0,6.83246646309,6.76137970087,-1.87115681459,-1.94224357681,3.41930600915,2.7219531385,-0.610093112697,-1.30744598334,2.73459862532,3.54613648987,0.0388316170617,0.850369481614,5.70903445597,7.01115067886,1.95132428318,3.25344050607,3.03574184256,4.19571651734,2.72682642261,3.88680109739,9.12834046511,9.73310381736,1.34123117048,1.94599452273,6.76137970087,-1.94224357681,-2.98884932114,-1.74655949393,-17.2780468615,-11.3074459833,9.73310381736,1.94599452273
2022-02,90.0725374151,9.73368715495,9.35718800301,1.21247284432,-2.24161229386,1,0,1,1,0,1,86.6570374151,83.6153707484,1.21247284432,0,7.05216212429,7.38552492546,-1.91926494654,-1.58590214538,2.5644982809,2.37854820398,-1.58888235239,-1.77483242931,1.1304835029,1.8536223996,-1.66790699387,-0.94476809717,7.15438186899,6.32964579577,3.28104984474,2.45631377151,3.54673941034,2.91069944238,3.22606408015,2.59002411219,9.71888014989,8.70819399975,1.69216749235,0.681481342203,7.38552492546,-1.58590214538,-3.67035420423,-2.54368622849,-17.621451796,-11.7748324293,8.70819399975,0.681481342203
2022-03,89.1851352234,11.2070543692,11.471472241,-2.40233181282,-6.09082224294,1,0,1,1,0,1,85.7351352234,82.6518018901,-2.40233181282,0,8.27194618899,7.64759757177,-0.967284675007,-1.59163329223,1.1518403219,1.88237014089,-3.12552182283,-2.39499200384,1.69578507057,2.04273224966,-1.20522891471,-0.858281735614,6.12552106234,6.73735435378,2.13656718661,2.74840047806,2.14961707424,2.93835822025,1.8171818338,2.60592297982,7.27736138423,8.61972449468,-0.988954636222,0.353408474222,7.64759757177,-1.59163329223,-3.26264564622,-2.25159952194,-18.1176298591,-12.3949920038,8.61972449468,0.353408474222
2022-04,87.4085987829,13.0350030959,11.3658750676,-4.04458263687,-8.06121522735,1,0,1,1,0,1,83.9240987829,80.7990987829,-4.04458263687,0,7.61868440202,7.80190522907,-1.88835025513,-1.70512942809,1.93077181988,2.51696461022,-2.47057183629,-1.88437904595,3.30192817551,2.59718465836,0.29829070173,-0.406452815414,6.93216013002,7.6849118202,2.82758440283,3.580336093,3.11871817617,3.93999390445,2.7745230255,3.59579875378,8.86293194991,10.2018764304,0.357012566539,1.69595704705,7.80190522907,-1.70512942809,-2.3150881798,-1.419663907,-17.4830353898,-11.884379046,10.2018764304,1.69595704705
2022-05,86.5945247948,14.4205670804,12.5902100428,0.959595060165,-2.43211380254,1,0,1,1,0,1,83.0755247948,79.9088581282,0.959595060165,0,7.51508509619,8.02891064455,-2.25975335413,-1.74592780577,4.46828168887,3.30965334114,-0.0570434787402,-1.21567182648,2.79384072902,2.17899695625,-0.312420233266,-0.927264006032,9.99705426824,7.51238901121,5.77685668958,3.29219143254,6.55164646295,3.86898641221,6.19569140203,3.5130313513,14.4653359571,10.8220423523,5.71981321084,2.07651960606,8.02891064455,-1.74592780577,-2.48761098879,-1.70780856746,-16.6903466589,-11.2156718265,10.8220423523,2.07651960606
2022-06,88.6807160029,9.78792645037,18.1361796504,0.623085632467,-3.33470737361,1,0,1,1,0,1,85.1272160029,81.9188826696,0.623085632467,0,8.95296243542,8.337335863,-1.08967980805,-1.70530638048,3.52990651465,3.18924045452,-1.1194001644,-1.46006622453,0.441221964232,2.29871646481,-2.76766248656,-0.910167985978,5.60795263535,7.78798464795,1.27213320522,3.45216521781,1.93659459752,3.9994527568,1.56887962636,3.63173778565,9.13785915001,10.9772251025,0.152733040818,1.99209899328,8.337335863,-1.70530638048,-2.21201535205,-1.54783478219,-16.8107595455,-11.4600662245,10.9772251025,1.99209899328
2022-07,90.6307059432,3.90037312172,29.2295517466,10.8568771561,7.63519148552,1,0,1,1,0,1,87.0427059432,83.7927059432,10.8568771561,0,8.54396005738,8.83466803289,-1.76648597926,-1.47577800374,1.56953316004,3.55485087042,-3.20375503045,-1.21843732007,3.66108670119,2.62902160204,0.349578761891,-0.682486337253,7.75894704026,7.03523226539,3.30750575865,2.58379098378,3.51011720995,2.93328560123,3.13064232855,2.55381071983,9.3284802003,10.5900831358,0.103750728196,1.36535366371,8.83466803289,-1.47577800374,-2.96476773461,-2.41620901622,-16.4451491296,-11.2184373201,10.5900831358,1.36535366371
2022-08,94.5990915157,5.30595891178,30.378716229,13.8248647372,10.7062640539,1,0,1,1,0,1,90.9765915157,87.6849248491,13.8248647372,0,9.00708160587,8.67767582371,-1.57116822392,-1.90057400608,5.56511293658,4.162345113,0.66784323464,-0.734924588935,3.78475614071,3.8264432029,0.370624712908,0.412311775093,7.73879712056,7.61750787121,3.17173398748,3.05044473813,3.35314499622,3.3766979046,2.96191020458,2.98546311296,13.3039100571,11.7798529842,3.83957722212,2.3155201492,8.67767582371,-1.90057400608,-2.38249212879,-1.94955526187,-15.837654887,-10.7349245889,11.7798529842,2.3155201492
2022-09,98.8702484783,6.76069175825,30.2003665439,15.5730823814,12.4513343182,1,0,1,1,0,1,95.2132484783,91.879915145,15.5730823814,0,8.48198580789,9.47916972739,-2.36406781506,-1.36688389557,5.35238924238,5.02817574363,0.331138029006,0.00692453025598,4.03348676679,3.71931707488,0.516731850481,0.202562158566,7.35477945282,9.04627122154,2.67209446827,4.36358623699,3.26683150763,4.90742716733,2.86383680575,4.50443246545,12.7071686952,14.0744469652,3.00323249727,4.37051076725,9.47916972739,-1.36688389557,-0.953728778459,-0.636413763008,-14.9718242564,-9.99307546974,14.0744469652,4.37051076725
2022-10,105.334266793,6.09435047954,26.0094815927,21.1013308041,17.9253913132,1,0,1,1,0,1,101.642766793,98.2677667929,21.1013308041,0,10.9484417684,9.80729019356,-0.165415647716,-1.30656722256,4.16702505194,4.40046525414,-0.978207672878,-0.744767470678,3.33970831713,3.9058740933,-0.279670087691,0.28649568848,12.0452370912,10.2069440504,7.24693025523,5.40863721434,8.10230499814,6.22335030507,7.68755038601,5.80859569294,16.2122621432,14.6074093045,6.26872258235,4.66386974366,9.80729019356,-1.30656722256,0.20694405036,0.408637214341,-15.5995347459,-10.7447674707,14.6074093045,4.66386974366
2022-11,103.253248936,6.17253175005,23.0342921108,18.5126539287,15.2720729058,1,0,1,1,0,1,99.5272489364,96.1105822697,18.5126539287,0,9.99144300438,10.823379081,-1.39021820489,-0.55828212828,3.6819814681,3.08884321026,-1.58723276816,-2.180371026,4.34442719597,2.58612138432,0.622425302649,-1.135880509,11.220815607,10.1602352837,6.30688691952,5.2463065962,7.30091440943,5.86135231629,6.87439988706,5.43483779392,14.9027970751,13.2490784939,4.71965415136,3.0659355702,10.823379081,-0.55828212828,0.160235283691,0.246306596201,-16.9111567897,-12.180371026,13.2490784939,3.0659355702
2022-12,101.629596596,5.35886175931,13.6934991306,10.918857741,6.40982809168,1,0,1,1,0,1,97.8690965956,94.4107632623,10.918857741,0,11.5302524702,11.4479158266,-0.119212532232,-0.20154917587,1.41752311073,2.45805107027,-3.97567263697,-2.93514467743,0.0742286398596,2.35898230525,-3.75039674197,-1.46564307658,7.21465315281,6.36932711678,2.18510261385,1.33977657782,2.1808375413,1.51579719184,1.74256310869,1.07752275924,8.63217626354,8.82737818705,-1.79057002312,-1.59536809961,11.4479158266,-0.20154917587,-3.63067288322,-3.66022342218,-17.5419489297,-12.9351446774,8.82737818705,-1.59536809961
2023-01,99.5204666297,7.62434443459,11.3494902018,-1.47319035165,-7.05071627768,1,0,1,1,0,1,95.7254666297,92.2254666297,-1.47319035165,0,12.8220520051,11.8922933875,0.904783209512,-0.0249754081105,2.274648632,2.51028540337,-3.24252862715,-3.00689185577,2.65829107991,1.14808056979,-1.26895779043,-2.77916830055,0.672512590506,1.67674142903,-4.47265979992,-3.4684309614,-4.93436037519,-3.9122256029,-5.38439471804,-4.36225994575,2.9471612225,4.1870268324,-7.71518842707,-6.47532281717,11.8922933875,-0.0249754081105,-8.32325857097,-8.4684309614,-17.4897145966,-13.0068918558,4.1870268324,-6.47532281717
2023-02,95.258950978,11.0078733414,8.93842648971,-8.7988504809,-14.771505679,1,0,1,1,0,1,91.429450978,87.8877843113,-8.7988504809,0,11.3245756871,11.9459985147,-0.860496901612,-0.239074074008,3.83868446739,3.41648129158,-1.80247430319,-2.22467747901,0.711721989601,1.37324844111,-3.31815036924,-2.65662391773,-2.85694145623,-0.407315197085,-8.11773569813,-5.66810943899,-8.9831539748,-6.48896399457,-9.44494822789,-6.95075824766,0.981743011165,3.00916609449,-9.92021000132,-7.89278691799,11.9459985147,-0.239074074008,-10.4073151971,-10.668109439,-16.5835187084,-12.224677479,3.00916609449,-7.89278691799
2023-03,93.5185568864,14.1913248226,10.5254194243,-7.56536960069,-13.7898169509,1,0,1,1,0,1,89.6545568864,86.0712235531,-7.56536960069,0,11.691367852,11.4115684622,-0.761508529924,-1.04130791974,4.13611077535,4.84277359073,-1.62902950668,-0.9223666913,0.749732253829,-0.24419061129,-3.38276359352,-4.37668645864,0.962483274468,-0.933812365988,-4.4139328189,-6.31022845936,-5.54937763372,-7.07883104573,-6.02293179705,-7.55238520906,5.09859404982,3.90896122474,-6.04296232558,-7.23259515066,11.4115684622,-1.04130791974,-10.933812366,-11.3102284594,-15.1572264093,-10.9223666913,3.90896122474,-7.23259515066
2023-04,91.9226762283,17.6577568054,5.86992081476,-11.8837216831,-17.8838949322,1,0,1,1,0,1,88.0241762283,84.3991762283,-11.8837216831,0,11.2187618474,12.1413958549,-1.50191832767,-0.579284320207,6.55352552944,5.38523293863,0.66440373597,-0.503888854842,-2.1940260773,-0.109554838966,-6.42914541315,-4.34467417482,-0.906978916206,-0.26292727895,-6.39901686105,-5.75496522379,-6.70396152868,-6.22797084994,-7.18927560225,-6.71328492351,5.64654661323,5.12230565968,-5.73461312508,-6.25885407863,12.1413958549,-0.579284320207,-10.2629272789,-10.7549652238,-14.6147670614,-10.5038888548,5.12230565968,-6.25885407863
2023-05,93.5074975639,15.4183479026,10.9119986203,-9.88174540319,-15.4143336529,1,0,1,1,0,1,89.5744975639,85.9078308972,-9.88174540319,0,13.5140578652,13.5482205411,0.525573896977,0.559736572885,5.46606251109,6.0086727285,-0.54704079382,-0.0044305764084,1.11562930657,0.542923573542,-3.22211351779,-3.79481925082,-0.844286195112,-0.478490801497,-6.45194599142,-6.08615059781,-6.43057338741,-6.25728915735,-6.92764737123,-6.75436314117,4.62177631598,5.530181927,-6.99898678524,-6.09058117422,13.5482205411,0.559736572885,-10.4784908015,-11.0861505978,-13.9913272715,-10.0044305764,5.530181927,-6.09058117422
2023-06,96.5535954782,12.2644500807,20.4021251775,-4.66907429606,-10.9086345271,1,0,1,1,0,1,92.5860954782,88.8777621449,-4.66907429606,0,15.9118419107,14.9919917417,2.65555414935,1.7357039803,6.00643014498,6.12500553281,-0.130654671375,-0.012079283536,2.70716749135,2.66069705321,-1.73319882151,-1.77966925966,0.315792706827,-0.047140537333,-5.40748894095,-5.77042218512,-5.63733255597,-6.15106729431,-6.14616645003,-6.65990118836,6.3222228518,6.07786499548,-5.53814361233,-5.78250146865,14.9919917417,1.7357039803,-10.0471405373,-10.7704221851,-13.8749944672,-10.0120792835,6.07786499548,-5.78250146865
2023-07,98.550821335,9.23336390406,29.7277594071,3.48500199213,-2.26022166396,1,0,1,1,0,1,94.548821335,90.798821335,3.48500199213,0,15.5500754491,16.1912976526,2.02598389458,2.66720609804,6.90252394238,6.77895186561,0.641457614587,0.517885537821,4.1592943617,4.13200046648,-0.38369543967,-0.410989334894,0.387071876285,0.39380519048,-5.45183162297,-5.44509830877,-6.38529593953,-6.34496911424,-6.90588974383,-6.86556291854,7.28959581866,7.17275705609,-4.81037400838,-4.92721277095,16.1912976526,2.66720609804,-9.60619480952,-10.4450983088,-13.2210481344,-9.48211446218,7.17275705609,-4.92721277095
2023-08,103.617985508,7.16874748468,32.1234996347,6.56461860497,0.340840210457,1,0,1,1,0,1,99.5814855077,95.7898188411,6.56461860497,0,17.1119755979,16.8684629802,3.32008025017,3.07656763248,7.42790150948,7.36114999008,1.04285367025,0.976102150845,5.52953954638,4.57454386478,0.883926256502,-0.0710694251005,0.478550988328,-0.820883995063,-5.47597436239,-6.77540934579,-7.01227884722,-8.15324416744,-7.54463256176,-8.68559788197,7.90645249781,6.54026599502,-4.43312069214,-5.79930719494,16.8684629802,3.07656763248,-10.8208839951,-11.7754093458,-12.6388500099,-9.02389784915,6.54026599502,-5.79930719494
2023-09,109.245600564,9.16132703424,30.2016774633,4.89002807878,-1.87765490499,1,0,1,1,0,1,105.174600564,101.341267231,4.89002807878,0,17.9433378935,17.3899180532,3.88363875268,3.33021891232,7.75302451837,8.13474266575,1.2439951677,1.62571331508,4.03479768625,6.53276157577,-0.713439092134,1.78452479739,-3.3282748498,0.115750027158,-9.398422052,-5.95439717503,-11.0621577156,-7.20484047007,-11.6062713403,-7.74895409485,4.42474966857,8.25049269291,-8.1544268843,-4.32868385996,17.3899180532,3.33021891232,-9.88424997284,-10.954397175,-11.8652573342,-8.37428668492,8.25049269291,-4.32868385996
2023-10,112.414265693,11.150627397,32.7037207702,12.2530676558,6.28300146764,1,0,1,1,0,1,108.308765693,104.433765693,12.2530676558,0,17.1144406681,17.5731595644,2.7869377341,3.2456566304,9.2233019694,8.76862113839,2.59029110728,2.13561027627,10.0339474947,7.70591024374,5.18308722779,2.85504997685,3.19697394295,2.24505411685,-2.98879511071,-3.94071493681,-3.54008484742,-4.79385444946,-4.09595838244,-5.34972798448,12.4202759123,11.0136752552,-0.398504003432,-1.80510466054,17.5731595644,3.2456566304,-7.75494588315,-8.94071493681,-11.2313788616,-7.86438972373,11.0136752552,-1.80510466054
2023-11,111.837506064,11.8200872093,27.7388504651,14.1583015791,8.19183771097,1,0,1,1,0,1,107.697506064,103.780839397,14.1583015791,0,17.6617001316,17.5980563519,3.06639340442,3.00274962474,9.32953692739,9.73399229593,2.57254455383,2.97699992237,9.0489855503,8.97657226187,4.09550179491,4.02308850647,6.86646325741,4.57422995416,0.565072352279,-1.72716095097,0.220679214596,-2.20288496468,-0.346954230667,-2.77051840994,16.1960001848,14.3082222501,3.13761690611,1.2498389714,17.5980563519,3.00274962474,-5.42577004584,-6.72716095097,-10.2660077041,-7.02300007763,14.3082222501,1.2498389714
2023-12,109.031372381,14.5904766396,21.4660542314,7.36345725032,0.939741289164,1,0,1,1,0,1,104.856872381,100.898539048,7.36345725032,0,18.0180282561,17.9387464519,3.15491773572,3.07563593156,10.649137991,9.76179407259,3.76816410599,2.88082018759,7.84678374062,7.99895650261,2.79067649672,2.94284925871,3.65925266213,5.22500589346,-2.75776009447,-1.19200686314,-3.28924926122,-1.45081168026,-3.86864261672,-2.03020503577,14.3083906531,14.9867999661,1.01040401152,1.68881332445,17.9387464519,3.07563593156,-4.77499410654,-6.19200686314,-10.2382059274,-7.11917981241,14.9867999661,1.68881332445
2024-01,105.748925593,14.656403102,15.7922993388,3.00359881869,-3.40022089666,1,0,1,1,0,1,101.539925593,97.5399255926,3.00359881869,0,18.1365109681,18.1808039229,3.00559665455,3.04988960937,9.30670729939,10.5852055622,2.30175190295,3.58025016577,7.10110021692,6.74408751869,1.94236948451,1.58535678628,5.14930176085,4.13736673687,-1.38333284723,-2.3952678712,-1.28386499417,-2.59352102348,-1.87501825992,-3.18467428923,14.4560090602,14.7225722991,0.918419055718,1.18498229456,18.1808039229,3.04988960937,-5.86263326313,-7.3952678712,-9.41479443779,-6.41974983423,14.7225722991,1.18498229456
2024-02,103.236247835,18.9689602703,13.5110830986,-2.33836323704,-8.99580051926,1,0,1,1,0,1,98.9927478353,94.9510811687,-2.33836323704,0,18.3878725445,17.9987070202,2.98915443784,2.59998891353,11.7997713962,10.3183627939,4.67083448836,3.18942588602,5.28437859853,6.51113258793,0.0230243776127,1.24977836701,3.60354578763,5.20671055171,-3.04471067191,-1.44154590784,-3.20744881506,-1.55231206424,-3.81036199105,-2.15522524022,15.4033171839,15.5250733456,1.62612381644,1.74787997818,17.9987070202,2.59998891353,-4.79328944829,-6.44154590784,-9.6816372061,-6.81057411398,15.5250733456,1.74787997818
2024-03,100.212926582,19.9038237333,16.9236061188,-1.66056876851,-8.40606170066,1,0,1,1,0,1,95.9349265824,91.8515932491,-1.66056876851,0,17.471737548,17.5530700785,1.80521564822,1.88654817865,9.84860968607,10.3241002329,2.59569126675,3.07118181354,7.14791894833,7.91442166603,1.78394123891,2.55044395661,6.86728410665,6.9084675218,0.103405795633,0.144589210785,-0.165622383482,0.476841814524,-0.780295469711,-0.137831271705,16.7158937927,17.2325677547,2.69909706238,3.21577102432,17.5530700785,1.88654817865,-3.0915324782,-4.85541078921,-9.67589976714,-6.92881818646,17.2325677547,3.21577102432
2024-04,98.4175145238,20.4281508923,19.3749143433,-0.722170095773,-6.37633676141,1,0,1,1,0,1,94.1050145238,89.9800145238,-0.722170095773,0,16.7996001429,17.0669503508,0.865274449908,1.13262465779,9.32391961628,10.1283364974,1.94701968551,2.75143656668,11.3109674512,8.75775483274,5.84436625331,3.29115363481,10.2545726711,8.2972249246,3.37507250864,1.41772476212,4.80359664211,2.11768304232,4.17716364564,1.49125004585,19.5784922874,18.425561422,5.32209219415,4.1691613288,17.0669503508,1.13262465779,-1.7027750754,-3.58227523788,-9.87166350256,-7.24856343332,18.425561422,4.1691613288
2024-05,97.83695306,21.1647655815,17.6107474124,-1.26764121204,-7.26868539715,1,0,1,1,0,1,93.48995306,89.3232863934,-1.26764121204,0,16.9295133614,16.93432241,0.727383875231,0.732192923815,11.21248019,10.2541836742,3.71159874778,2.75330223201,7.81437809864,8.96708635585,2.24515341221,3.39786166941,7.76981799604,6.84469973689,0.774695982083,-0.150422277067,1.71507486834,0.756153425173,1.07688196163,0.117960518462,18.982298186,17.0988834111,4.48629472986,2.60287995495,16.93432241,0.732192923815,-3.15530026311,-5.15042227707,-9.74581632578,-7.24669776799,17.0988834111,2.60287995495
2024-06,98.6296072931,16.4841711521,25.4708712038,-2.47515845938,-9.52151320606,1,0,1,1,0,1,94.2481072931,90.0397739597,-2.47515845938,0,17.0738537256,16.742210736,0.603920446305,0.272277456707,10.2261512164,9.74578405372,2.60128826275,2.12092110007,7.77591351766,6.20216470551,2.10406534272,0.530316530568,2.50970854351,3.07264776782,-4.60103532192,-4.0380960976,-4.25021123493,-3.95481287962,-4.90016405189,-4.60476569657,12.7358597599,12.8184318215,-1.99974705917,-1.91717499753,16.742210736,0.272277456707,-6.92735223218,-9.0380960976,-10.2542159463,-7.87907889993,12.8184318215,-1.91717499753
2024-07,100.138011007,10.1295607165,28.5846675456,2.03634687977,-5.20422799668,1,0,1,1,0,1,95.7220110069,91.4720110069,2.03634687977,0,16.223265121,16.5201302032,-0.514471951416,-0.217606869291,7.79872075477,8.96768595495,0.049876289681,1.21884148986,3.01620250023,3.99894996998,-2.75826916322,-1.77552169346,-1.06158323607,-0.00556646497645,-8.28794895297,-7.23193218187,-9.32930227225,-7.53229682258,-9.99101499945,-8.19400954978,6.7371375187,8.96211948997,-8.23807266329,-6.01309069201,16.5201302032,-0.217606869291,-10.005566465,-12.2319321819,-11.0323140451,-8.78115851014,8.96211948997,-6.01309069201
2024-08,103.683281673,8.61903186888,27.7986939804,4.62124291428,-1.66425790289,1,0,1,1,0,1,99.2327816727,94.9411150061,4.62124291428,0,16.2632717629,15.6733024517,-0.742269102761,-1.33223841389,8.87818589367,8.85213813783,1.00535991714,0.979312161304,1.20473389207,3.24298341092,-4.67236125989,-2.63411174103,-1.46482470236,0.734260434527,-8.80681227073,-6.60772713384,-9.01737696057,-6.89357975655,-9.690849598,-7.56705239399,7.41336119131,9.58639857236,-7.80145235358,-5.62841497254,15.6733024517,-1.33223841389,-9.26573956547,-11.6077271338,-11.1478618622,-9.0206878387,9.58639857236,-5.62841497254
2024-09,106.749633142,11.2878102809,31.6748936175,12.9474921706,6.85044277373,1,0,1,1,0,1,102.264633142,97.9312998084,12.9474921706,0,14.5333704713,15.6120809782,-2.73997418751,-1.6612636806,9.87950776506,9.29071390476,1.88270027709,1.29390641679,5.50801384048,3.11037587159,-0.471704799984,-2.86934276887,4.72918924202,1.96822871727,-2.72842017782,-5.48938070257,-2.33406003684,-5.55239697505,-3.01929258451,-6.23762952273,14.6086970071,11.258942622,-0.845719900734,-4.19547428578,15.6120809782,-1.6612636806,-8.03177128273,-10.4893807026,-10.7092860952,-8.70609358321,11.258942622,-4.19547428578
2024-10,112.253425725,11.0417734832,25.2881531578,11.696415325,4.5173323873,1,0,1,1,0,1,107.733925725,103.358925725,11.696415325,0,16.0396007004,15.2864855858,-1.50154775152,-2.12076096951,9.11444805556,9.49697791031,0.993659056142,1.43817966661,2.61837988222,4.06319686135,-3.46396224674,-1.96783352336,2.64032161215,3.68475542708,-4.93290965916,-3.83066491849,-5.30575392776,-3.8199069823,-6.00274638568,-4.5110194851,11.7547696677,13.1817333374,-3.93925060302,-2.39248525188,15.2864855858,-2.12076096951,-6.31524457292,-8.83066491849,-10.5030220897,-8.56182033339,13.1817333374,-2.39248525188
