month,c3s_equivalent_gmsl_mm,sio_thermosteric_mm,sio_halosteric_mm,sio_totalsteric_mm,dmi_hadisst,csr_ocean_mass_reference_mm,noaa_topex_poseidon_mm,noaa_jason_1_mm,noaa_jason_2_mm,noaa_jason_3_mm,noaa_sentinel_6mf_mm,original_csr_ocean_mass_reference_mm,filled_csr_ocean_mass_reference_mm,fill_status,ssa_category,ssa_M,ssa_K
2013-11,65.28404593940841,-4.317540675401688,-2.1466438192874193,-4.713160917162895,0.19900000095367432,12.385790932208174,nan,nan,40.453333333333326,nan,nan,12.385790932208174,12.385790932208174,observed,observed,,
2013-12,62.47729864881558,-2.2085867822170258,-3.254309995099902,-3.7101502530276775,0.14100000262260437,4.840682976888379,nan,nan,37.9625,nan,nan,4.840682976888379,4.840682976888379,observed,observed,,
2014-01,59.71125598327585,-2.7450858615338802,-2.214656909927726,-3.209216520190239,-0.10100000351667404,-1.9163398742057869,nan,nan,38.85333333333333,nan,nan,-1.9163398742057869,-1.9163398742057869,observed,observed,,
2014-02,58.04947121208662,-0.6977213197387755,-2.7732718735933304,-1.7210142686963081,-0.08900000154972076,nan,nan,nan,41.51666666666667,nan,nan,nan,-0.2903145165161689,filled,SSA-filling-a,24,10
2014-03,55.943632952747414,0.03354857108206488,-0.9278065990656614,0.8579067653045058,-0.1509999930858612,0.32772555927904956,nan,nan,41.62,nan,nan,0.32772555927904956,0.32772555927904956,observed,observed,,
2014-04,54.46394107937587,3.6613568663597107,-2.4220605846494436,2.992606023326516,-0.057999998331069946,0.7626511409978205,nan,nan,40.93333333333334,nan,nan,0.7626511409978205,0.7626511409978205,observed,observed,,
2014-05,53.86043845640658,2.9351257253438234,-2.1897254046052694,2.5014211423695087,-0.09200000017881393,-1.056062989988547,nan,nan,39.48666666666667,nan,nan,-1.056062989988547,-1.056062989988547,observed,observed,,
2014-06,54.819203163681024,0.41102839168161154,-2.5817628484219313,-0.41337424772791564,-0.02800000086426735,8.917392530886115,nan,nan,41.343333333333334,nan,nan,8.917392530886115,8.917392530886115,observed,observed,,
2014-07,58.594295613237755,-4.744684789329767,-1.9092096481472254,-4.895798861980438,-0.3630000054836273,nan,nan,nan,42.440000000000005,nan,nan,nan,15.631025258295004,filled,SSA-filling-a,24,10
2014-08,60.67747658306103,-7.853280752897263,-0.9718661895021796,-7.073814515024424,-0.3720000088214874,18.14400788093448,nan,nan,43.35666666666666,nan,nan,18.14400788093448,18.14400788093448,observed,observed,,
2014-09,65.72866408788703,-6.409186869859695,-1.498907571658492,-6.156721152365208,-0.14499999582767487,16.031630523412733,nan,nan,42.406666666666666,nan,nan,16.031630523412733,16.031630523412733,observed,observed,,
2014-10,69.51748103472832,-4.738977178931236,-1.7789402045309544,-4.7651007771492,0.14100000262260437,15.318563619609737,nan,nan,44.46333333333333,nan,nan,15.318563619609737,15.318563619609737,observed,observed,,
2014-11,69.57134929288861,-5.993184167891741,-2.029767958447337,-6.269372068345547,0.008999999612569809,10.603982746380288,nan,nan,41.55666666666667,nan,nan,10.603982746380288,10.603982746380288,observed,observed,,
2014-12,68.0262839351851,-3.2274839468300343,-1.784266671165824,-3.256847383454442,0.04600000008940697,nan,nan,nan,45.35,nan,nan,nan,4.185388322892347,filled,SSA-filling-a,24,10
2015-01,66.67939102342179,-3.7593012675642967,-1.1527398601174355,-3.160931169986725,-0.10000000149011612,1.8422233713132095,nan,nan,44.846666666666664,nan,nan,1.8422233713132095,1.8422233713132095,observed,observed,,
2015-02,64.67080576800916,0.09310820314567536,-1.861235243268311,-0.018114104022970423,-0.3449999988079071,4.846068113197552,nan,nan,49.09,nan,nan,4.846068113197552,4.846068113197552,observed,observed,,
2015-03,63.969477326078575,5.186603870242834,-1.9398822914808989,4.997951909899712,-0.2409999966621399,3.1500844597859934,nan,nan,48.370000000000005,nan,nan,3.1500844597859934,3.1500844597859934,observed,observed,,
2015-04,62.5746561953245,6.984936539083719,-2.5352686643600464,6.200713105499744,-0.00800000037997961,4.672624896640993,nan,nan,49.64000000000001,nan,nan,4.672624896640993,4.672624896640993,observed,observed,,
2015-05,63.300884521231396,7.2831930592656136,-2.7660897467285395,6.272073835134506,0.23999999463558197,nan,nan,nan,47.53333333333333,nan,nan,nan,7.730500794232145,filled,SSA-filling-a,24,10
2015-06,62.50915819934902,1.4660537708550692,-1.61523069255054,1.6099975910037756,0.29600000381469727,nan,nan,nan,50.41,nan,nan,nan,15.33181896509121,filled,SSA-filling-a,24,10
2015-07,65.86757170854796,-0.3417261759750545,-1.8740027444437146,-0.45800433144904673,0.22499999403953552,21.94784048827808,nan,nan,50.03333333333333,nan,nan,21.94784048827808,21.94784048827808,observed,observed,,
2015-08,69.74472743544653,-1.2968041701242328,-1.50606210809201,-1.0491786524653435,0.5680000185966492,25.10853250087741,nan,nan,52.15,nan,nan,25.10853250087741,25.10853250087741,observed,observed,,
2015-09,77.4783889082811,-0.9520650492049754,-0.786632823292166,0.012636955943889916,0.2939999997615814,24.875322594506287,nan,nan,53.81666666666666,nan,nan,24.875322594506287,24.875322594506287,observed,observed,,
2015-10,81.6621914975482,-0.5967979086562991,-1.287353690713644,-0.1338912989012897,0.4819999933242798,nan,nan,nan,55.94333333333333,nan,nan,nan,21.674300967677553,filled,SSA-filling-a,24,10
2015-11,79.38611860465879,-0.4634026263374835,-0.3115196304861456,0.9815868688747287,0.34700000286102295,nan,nan,nan,52.629999999999995,nan,nan,nan,17.351178922801388,filled,SSA-filling-a,24,10
2015-12,77.38173812439969,1.4345801901072264,-1.258224481716752,1.931900391355157,0.2720000147819519,10.62537313324734,nan,nan,53.35666666666666,nan,nan,10.62537313324734,10.62537313324734,observed,observed,,
2016-01,73.08866969268715,1.3149294536560774,0.1277824048884213,3.2000199425965548,0.26499998569488525,5.203239399711298,nan,nan,52.623333333333335,nan,nan,5.203239399711298,5.203239399711298,observed,observed,,
2016-02,72.78585987816375,2.831143792718649,-0.35022824886254966,4.237792920321226,-0.10999999940395355,7.05913927657385,nan,nan,54.76333333333333,55.894999999999996,nan,7.05913927657385,7.05913927657385,observed,observed,,
2016-03,70.40587100401844,7.727108430117369,-1.19571085087955,8.28887801617384,-0.00800000037997961,11.603598707147736,nan,nan,55.123333333333335,56.81333333333333,nan,11.603598707147736,11.603598707147736,observed,observed,,
2016-04,67.9727799666351,6.590205244719982,-0.5478836828842759,7.799282670021057,0.1459999978542328,nan,nan,nan,53.98666666666667,55.38,nan,nan,8.970374787270476,filled,SSA-filling-a,24,10
2016-05,67.56809793260642,5.39611978456378,-2.0633505191653967,5.097303073853254,-0.11299999803304672,9.78606382898551,nan,nan,52.9975,54.885000000000005,nan,9.78606382898551,9.78606382898551,observed,observed,,
2016-06,68.32756692425215,0.21107027714606375,-1.8137904116883874,0.15905646432656795,-0.4429999887943268,17.281219018495225,nan,nan,54.906666666666666,56.67000000000001,nan,17.281219018495225,17.281219018495225,observed,observed,,
2016-07,68.82253503764363,-3.830898553133011,-1.7929169116541743,-3.8631653878837824,-0.7570000290870667,23.036369613794584,nan,nan,52.52,54.20666666666667,nan,23.036369613794584,23.036369613794584,observed,observed,,
2016-08,71.99726574044784,-6.435954477638006,-1.9048568792641163,-6.583082024008036,-0.4429999887943268,21.58572225975627,nan,nan,51.11333333333334,51.79,nan,21.58572225975627,21.58572225975627,observed,observed,,
2016-09,77.71464672007352,-3.807356348261237,-1.6650629695504904,-3.7196646444499493,-0.43700000643730164,nan,nan,nan,52.43,54.593333333333334,nan,nan,20.13995616265177,filled,SSA-filling-a,24,10
2016-10,81.74563090292332,-5.238194949924946,-1.423245994374156,-4.907731898128986,-0.3709999918937683,nan,nan,nan,51.425,52.843333333333334,nan,nan,17.204211894415934,filled,SSA-filling-a,24,10
2016-11,82.54023849937269,-1.23030471149832,-2.0199858117848635,-1.4962980058044195,-0.38199999928474426,11.985505453396051,nan,nan,54.150000000000006,57.50666666666667,nan,11.985505453396051,11.985505453396051,observed,observed,,
2016-12,78.4591498481982,-0.27628408861346543,-1.6877450980246067,-0.2049528993666172,-0.3100000023841858,11.449235950277734,nan,nan,54.4775,54.903333333333336,nan,11.449235950277734,11.449235950277734,observed,observed,,
2017-01,74.20159155734869,2.9765006620436907,-1.9669567700475454,2.7641088236123323,-0.0860000029206276,3.1265124369580573,nan,nan,54.21,54.26,nan,3.1265124369580573,3.1265124369580573,observed,observed,,
2017-02,70.27004274077872,3.79786710254848,-1.9016986479982734,3.6461905110627413,0.10100000351667404,nan,nan,nan,51.81333333333333,52.446666666666665,nan,nan,3.422193039444828,filled,SSA-filling-a,24,10
2017-03,68.9912223231565,5.939512979239225,-1.168966991826892,6.520736031234264,0.3569999933242798,4.760870576525472,nan,nan,54.945,54.99666666666667,nan,4.760870576525472,4.760870576525472,observed,observed,,
2017-04,68.92214375073637,8.908519521355629,-2.7808246668428183,7.880242541432381,0.49799999594688416,5.251652546534843,nan,nan,55.54,55.589999999999996,nan,5.251652546534843,5.251652546534843,observed,observed,,
2017-05,67.21095511952767,8.01824126392603,-2.887408947572112,6.887138355523348,0.5360000133514404,9.029972643050426,nan,nan,53.760000000000005,53.54666666666666,nan,9.029972643050426,9.029972643050426,observed,observed,,
2017-06,67.73332578284074,3.9370222948491573,-2.8970791026949883,2.7983642648905516,0.42399999499320984,12.25782199161123,nan,nan,nan,54.03666666666667,nan,12.25782199161123,12.25782199161123,observed,observed,,
2017-07,70.91238622021955,2.0653922110795975,-3.3718429040163755,0.451073661679402,0.5199999809265137,nan,nan,nan,nan,55.795,nan,nan,18.327749551039762,filled,SSA-filling-b,36,8
2017-08,75.83965296536621,-0.8498944225721061,-3.63894016481936,-2.7360732201486826,0.3490000069141388,nan,nan,nan,nan,55.29333333333333,nan,nan,20.849454560551266,filled,SSA-filling-b,36,8
2017-09,80.56698908641657,-1.3474184088408947,-3.015866270288825,-2.6134366635233164,0.03500000014901161,nan,nan,nan,nan,56.35999999999999,nan,nan,19.527045100633796,filled,SSA-filling-b,36,8
2017-10,84.71644459555503,1.719927997328341,-4.276032093912363,-0.8039695676416159,0.014999999664723873,nan,nan,nan,nan,55.92666666666667,nan,nan,15.739753832398545,filled,SSA-filling-b,36,8
2017-11,84.1317409190888,1.3323815073817968,-3.505981992930174,-0.41799244354479015,0.289000004529953,nan,nan,nan,nan,59.01666666666667,nan,nan,10.83926826814932,filled,SSA-filling-b,36,8
2017-12,81.88192052570773,-0.2265581424580887,-2.257421612739563,-0.7261349819600582,0.10999999940395355,nan,nan,nan,nan,57.54333333333333,nan,nan,6.289607407518194,filled,SSA-filling-b,36,8
2018-01,78.41487239648946,0.5755455349572003,-1.2596851447597146,1.0717513505369425,-0.20000000298023224,nan,nan,nan,nan,57.14666666666667,nan,nan,3.941475751649943,filled,SSA-filling-b,36,8
2018-02,74.57911483874128,3.882095916196704,-2.2297140676528215,3.4034389536827803,0.2160000056028366,nan,nan,nan,nan,55.65333333333333,nan,nan,4.011169221417489,filled,SSA-filling-b,36,8
2018-03,71.73088231559221,7.616836111992598,-2.080820268020034,7.290772162377834,-0.11999999731779099,nan,nan,nan,nan,57.03,nan,nan,4.688199605114082,filled,SSA-filling-b,36,8
2018-04,71.73681324739165,9.15971864014864,-2.6340046897530556,8.279896341264248,-0.08299999684095383,nan,nan,nan,nan,55.63,nan,nan,5.4296002032133615,filled,SSA-filling-b,36,8
2018-05,70.98122432706585,5.4710968397557735,-2.1507907658815384,5.075322464108467,0.12200000137090683,nan,nan,nan,nan,56.576666666666675,nan,nan,8.407866312314962,filled,SSA-filling-b,36,8
2018-06,71.36957787596563,4.329138435423374,-2.646585926413536,3.4404476173222065,0.1550000011920929,13.60518046552288,nan,nan,nan,56.76333333333333,nan,13.60518046552288,13.60518046552288,observed,observed,,
2018-07,74.46323278568293,1.5668687410652637,-2.7220395859330893,0.5992355872876942,0.05299999937415123,22.163499021435598,nan,nan,nan,58.21666666666667,nan,22.163499021435598,22.163499021435598,observed,observed,,
2018-08,78.48227967511605,-2.3023688700050116,-2.8132430743426085,-3.364484291523695,0.12099999934434891,nan,nan,nan,nan,57.51666666666667,nan,nan,24.046422687018108,filled,SSA-filling-a,24,10
2018-09,83.27722465388867,0.10111971641890705,-3.341027768328786,-1.4886504504829645,0.6039999723434448,nan,nan,nan,nan,59.19,nan,nan,22.485217634051423,filled,SSA-filling-a,24,10
2018-10,89.2078595178318,1.161076594144106,-2.806253032758832,0.10605894931359217,0.6840000152587891,18.89154401678833,nan,nan,nan,61.545,nan,18.89154401678833,18.89154401678833,observed,observed,,
2018-11,87.00907434134378,3.013916779309511,-3.246273146942258,1.5174283180385828,0.5,16.02562138878914,nan,nan,nan,59.36333333333334,nan,16.02562138878914,16.02562138878914,observed,observed,,
2018-12,83.70229624613113,6.0937111265957355,-2.021091990172863,5.827992223203182,0.3089999854564667,7.659005984251486,nan,nan,nan,59.470000000000006,nan,7.659005984251486,7.659005984251486,observed,observed,,
2019-01,80.68688870631448,7.266630418598652,-1.509095192886889,7.511895149946213,0.3869999945163727,9.773619644404157,nan,nan,nan,60.93,nan,9.773619644404157,9.773619644404157,observed,observed,,
2019-02,79.94009823678518,7.899093441665173,-1.5038424171507359,8.149352855980396,0.41600000858306885,8.036297131654438,nan,nan,nan,62.43333333333334,nan,8.036297131654438,8.036297131654438,observed,observed,,
2019-03,78.47123650902213,11.684809811413288,-0.7451788987964392,12.690318748354912,0.22499999403953552,10.768997458867677,nan,nan,nan,63.75,nan,10.768997458867677,10.768997458867677,observed,observed,,
2019-04,78.03200107604498,14.00462444871664,-2.4074839893728495,13.348393142223358,0.257999986410141,9.541355534306064,nan,nan,nan,63.21666666666666,nan,9.541355534306064,9.541355534306064,observed,observed,,
2019-05,76.84049167333515,10.348613373935223,-1.4109096955507994,10.692641139030457,0.5400000214576721,9.590903387383367,nan,nan,nan,64.26333333333334,nan,9.590903387383367,9.590903387383367,observed,observed,,
2019-06,77.5059787822674,6.960730999708176,-1.6009147511795163,7.114950567483902,0.6050000190734863,19.418748718217042,nan,nan,nan,64.33,nan,19.418748718217042,19.418748718217042,observed,observed,,
2019-07,81.8714013805312,3.169198287650943,-0.9770860197022557,3.9411201141774654,0.597000002861023,27.499884188392784,nan,nan,nan,65.09333333333335,nan,27.499884188392784,27.499884188392784,observed,observed,,
2019-08,85.05198474506469,1.4253403060138226,-1.258684555068612,1.913742977194488,0.4359999895095825,26.151520438916563,nan,nan,nan,66.36333333333333,nan,26.151520438916563,26.151520438916563,observed,observed,,
2019-09,90.19384552327122,3.6599324084818363,-2.6172033976763487,2.7883832808583975,0.8920000195503235,28.769672456494902,nan,nan,nan,66.24000000000001,nan,28.769672456494902,28.769672456494902,observed,observed,,
2019-10,92.49398385225489,2.855925355106592,-1.5576118603348732,3.0445142183452845,0.9639999866485596,23.244561908407398,nan,nan,nan,64.78,nan,23.244561908407398,23.244561908407398,observed,observed,,
2019-11,92.02620247732155,5.2341497503221035,-1.538897748105228,5.447122734040022,0.8349999785423279,15.834061691203033,nan,nan,nan,65.07333333333334,nan,15.834061691203033,15.834061691203033,observed,observed,,
2019-12,88.37933217143635,6.385700777173042,-1.6003797063603997,6.5385825000703335,0.24300000071525574,12.826686051925613,nan,nan,nan,65.205,nan,12.826686051925613,12.826686051925613,observed,observed,,
2020-01,83.77562130421276,9.093495085835457,-1.4309629332274199,9.417927823960781,0.17299999296665192,10.471462600523118,nan,nan,nan,62.366666666666674,nan,10.471462600523118,10.471462600523118,observed,observed,,
2020-02,82.25589325923211,9.100638329982758,-1.6534848837181926,9.200774133205414,0.05400000140070915,7.439408385903429,nan,nan,nan,67.21000000000001,nan,7.439408385903429,7.439408385903429,observed,observed,,
2020-03,79.37425912386276,11.875432915985584,-1.5451059443876147,12.079957872629166,0.01899999938905239,11.021532328673283,nan,nan,nan,64.76,nan,11.021532328673283,11.021532328673283,observed,observed,,
2020-04,80.40369455182318,14.723862521350384,-2.0503283012658358,14.427081681787968,-0.010999999940395355,6.0360331685977915,nan,nan,nan,66.28000000000002,nan,6.0360331685977915,6.0360331685977915,observed,observed,,
2020-05,80.21870613089057,11.227019131183624,-1.6860048053786159,11.296844109892845,0.2980000078678131,9.02431076890302,nan,nan,nan,67.68666666666667,nan,9.02431076890302,9.02431076890302,observed,observed,,
2020-06,81.15148750703443,7.638249080628157,-0.9063537581823766,8.48873145878315,0.45500001311302185,21.054892853339837,nan,nan,nan,67.71666666666667,nan,21.054892853339837,21.054892853339837,observed,observed,,
2020-07,83.40989936280445,2.895340556278825,-0.6999691249802709,3.948705270886421,0.3190000057220459,26.848080732555776,nan,nan,nan,67.83,nan,26.848080732555776,26.848080732555776,observed,observed,,
2020-08,86.86901590350729,-2.606132300570607,-0.29539724346250296,-1.1521985288709402,-0.18299999833106995,29.332117810644608,nan,nan,nan,66.73666666666666,nan,29.332117810644608,29.332117810644608,observed,observed,,
2020-09,92.02062615443286,-0.0014784482118557207,-0.411127315601334,1.3377349823713303,-0.1889999955892563,23.296750257452725,nan,nan,nan,67.35333333333334,nan,23.296750257452725,23.296750257452725,observed,observed,,
2020-10,94.94212847390467,3.350665094330907,-1.3331182999536395,3.7710960023105145,0.07400000095367432,23.390863945484476,nan,nan,nan,69.24333333333334,nan,23.390863945484476,23.390863945484476,observed,observed,,
2020-11,96.32531178488173,2.613056916743517,-1.6415580175817013,2.7272324077785015,0.019999999552965164,19.829166730234288,nan,nan,nan,68.38666666666667,nan,19.829166730234288,19.829166730234288,observed,observed,,
2020-12,92.69165450055195,3.9441995322704315,-0.9574287105351686,4.744518548250198,0.03099999949336052,15.865989838132684,nan,nan,nan,68.21,68.23,15.865989838132684,15.865989838132684,observed,observed,,
2021-01,90.21155085991435,5.558502394706011,-1.8862480064854026,5.42806088924408,0.050999999046325684,11.088382435033484,nan,nan,nan,70.27,68.91666666666667,11.088382435033484,11.088382435033484,observed,observed,,
2021-02,85.99516839159556,11.003154329955578,-3.915672190487385,8.842644281685352,0.24300000071525574,9.309439683130558,nan,nan,nan,69.065,68.745,9.309439683130558,9.309439683130558,observed,observed,,
2021-03,84.99444987791173,10.651925578713417,-1.869054394774139,10.53293514996767,0.2669999897480011,10.500730682670332,nan,nan,nan,70.09,68.02333333333333,10.500730682670332,10.500730682670332,observed,observed,,
2021-04,85.44931792500877,8.965946733951569,-1.3022400671616197,9.415519423782825,0.25,8.409148952099189,nan,nan,nan,72.25,71.38666666666667,8.409148952099189,8.409148952099189,observed,observed,,
2021-05,84.43165063441663,11.59260980784893,-2.0178360864520073,11.330612935125828,0.008999999612569809,11.542927804868828,nan,nan,nan,71.37666666666667,72.26333333333334,11.542927804868828,11.542927804868828,observed,observed,,
2021-06,85.0651681529873,9.818860329687595,-2.4252990260720253,9.149192832410336,-0.0020000000949949026,20.475461345705902,nan,nan,nan,71.06333333333333,72.14666666666666,20.475461345705902,20.475461345705902,observed,observed,,
2021-07,87.89594866222293,6.713103037327528,-2.4024092126637697,6.0622673481702805,-0.2290000021457672,26.252466876918202,nan,nan,nan,72.82666666666667,73.17,26.252466876918202,26.252466876918202,observed,observed,,
2021-08,92.01445996760128,-0.4120172234252095,-0.46098121674731374,0.8739439072087407,-0.0989999994635582,29.89444822015621,nan,nan,nan,72.94,74.35333333333334,29.89444822015621,29.89444822015621,observed,observed,,
2021-09,96.35264315107891,4.135556053370237,-1.622612588107586,4.258301109075546,-0.057999998331069946,30.252090573097725,nan,nan,nan,72.41000000000001,72.47000000000001,30.252090573097725,30.252090573097725,observed,observed,,
2021-10,100.74652667013247,5.675001535564661,-3.3211212139576674,4.103734157979488,-0.09099999815225601,26.99409650086809,nan,nan,nan,74.20666666666666,74.97666666666667,26.99409650086809,26.99409650086809,observed,observed,,
2021-11,99.84689890721731,4.8732031136751175,-2.5020544417202473,4.126005806028843,0.0689999982714653,24.862110168536926,nan,nan,nan,72.90333333333334,71.37666666666667,24.862110168536926,24.862110168536926,observed,observed,,
2021-12,95.58485464065369,7.366709411144257,-3.0022708233445883,6.123393774032593,-0.11999999731779099,20.392597832143004,nan,nan,nan,72.59333333333333,72.39666666666666,20.392597832143004,20.392597832143004,observed,observed,,
2022-01,92.61688108765637,9.621717035770416,-2.6095497887581587,8.769001811742783,-0.0560000017285347,11.425797747242596,nan,nan,nan,74.23,72.44,11.425797747242596,11.425797747242596,observed,observed,,
2022-02,90.07253741511234,10.001893155276775,-2.0192472729831934,9.733687154948711,-0.0820000022649765,9.357188003011123,nan,nan,nan,73.32666666666667,74.13333333333334,9.357188003011123,9.357188003011123,observed,observed,,
2022-03,89.1851352233919,11.131697334349155,-1.6784538747742772,11.207054369151592,-0.09300000220537186,11.471472241010368,nan,nan,nan,72.45333333333333,73.13,11.471472241010368,11.471472241010368,observed,observed,,
2022-04,87.40859878290303,12.371125631034374,-1.087520271539688,13.03500309586525,-0.06800000369548798,11.365875067564579,nan,nan,nan,70.64333333333333,74.32,11.365875067564579,11.365875067564579,observed,observed,,
2022-05,86.59452479484321,15.650354325771332,-2.983555430546403,14.420567080378532,-0.12200000137090683,12.590210042770844,nan,nan,nan,72.85000000000001,72.9175,12.590210042770844,12.590210042770844,observed,observed,,
2022-06,88.6807160028841,11.885450221598148,-3.8532454054802656,9.787926450371742,-0.33500000834465027,18.136179650380726,nan,nan,nan,72.73,73.39666666666666,18.136179650380726,18.136179650380726,observed,observed,,
2022-07,90.63070594319986,4.91751404479146,-2.768066944554448,3.9003731217235327,-0.19499999284744263,29.22955174657377,nan,nan,nan,75.47,76.72666666666667,29.22955174657377,29.22955174657377,observed,observed,,
2022-08,94.59909151573686,5.973554216325283,-2.4172794073820114,5.305958911776543,-0.2460000067949295,30.378716229045338,nan,nan,nan,72.55666666666667,71.54333333333334,30.378716229045338,30.378716229045338,observed,observed,,
2022-09,98.87024847830699,7.585068698972464,-2.5764370802789927,6.76069175824523,-0.32199999690055847,30.200366543859488,nan,nan,nan,75.76,76.52333333333333,30.200366543859488,30.200366543859488,observed,observed,,
2022-10,105.33426679285806,6.929520051926374,-2.5920236948877573,6.094350479543209,-0.6909999847412109,26.009481592679702,nan,nan,nan,74.75,75.06666666666666,26.009481592679702,26.009481592679702,observed,observed,,
2022-11,103.25324893641638,7.473841775208712,-3.059976501390338,6.172531750053167,-0.26899999380111694,23.034292110758603,nan,nan,nan,72.96333333333332,75.60000000000001,23.034292110758603,23.034292110758603,observed,observed,,
2022-12,101.62959659561582,5.710308905690908,-2.108743181452155,5.358861759305,-0.09099999815225601,13.693499130602426,nan,nan,nan,75.97000000000001,75.16666666666667,13.693499130602426,13.693499130602426,observed,observed,,
2023-01,99.52046662967265,6.403474137187004,-0.5360459326766431,7.624344434589148,0.10999999940395355,11.349490201825967,nan,nan,nan,78.58,78.93,11.349490201825967,11.349490201825967,observed,observed,,
2023-02,95.25895097795767,10.450621135532856,-1.2003107694908977,11.007873341441154,0.15700000524520874,8.938426489711263,nan,nan,nan,76.34,75.49333333333334,8.938426489711263,8.938426489711263,observed,observed,,
2023-03,93.51855688638813,11.972799897193909,0.46105613000690937,14.191324822604656,0.414000004529953,10.525419424272647,nan,nan,nan,77.37333333333333,78.75666666666667,10.525419424272647,10.525419424272647,observed,observed,,
2023-04,91.92267622827609,16.777122393250465,-0.874795310664922,17.657756805419922,0.5600000023841858,5.869920814755009,nan,nan,nan,74.43666666666665,74.23,5.869920814755009,5.869920814755009,observed,observed,,
2023-05,93.50749756385747,14.240903779864311,-0.579561572521925,15.418347902595997,0.4429999887943268,10.911998620326589,nan,nan,nan,79.67666666666668,79.33333333333333,10.911998620326589,10.911998620326589,observed,observed,,
2023-06,96.55359547820181,11.40033733099699,-0.8942803251557052,12.264450080692768,0.6650000214576721,20.402125177500743,nan,nan,nan,78.29333333333334,78.09333333333333,20.402125177500743,20.402125177500743,observed,observed,,
2023-07,98.5508213349532,8.766639977693558,-1.2873667292296886,9.233363904058933,0.49799999594688416,29.727759407087145,nan,nan,nan,81.26333333333334,81.4025,29.727759407087145,29.727759407087145,observed,observed,,
2023-08,103.61798550774361,7.173021789640188,-1.7553376965224743,7.1687474846839905,0.8259999752044678,32.12349963471406,nan,nan,nan,80.11666666666666,80.76333333333334,32.12349963471406,32.12349963471406,observed,observed,,
2023-09,109.24560056396129,7.867077365517616,-0.45393279287964106,9.161327034235,0.9459999799728394,30.201677463319733,nan,nan,nan,82.72,82.58,30.201677463319733,30.201677463319733,observed,observed,,
2023-10,112.41426569258319,10.301182046532631,-0.9000495774671435,11.15062739700079,0.8040000200271606,32.70372077023434,nan,nan,nan,84.78,85.42666666666666,32.70372077023434,32.70372077023434,observed,observed,,
2023-11,111.83750606363783,10.402965359389782,-0.33327334676869214,11.82008720934391,0.9200000166893005,27.738850465089296,nan,nan,nan,81.01666666666667,80.85666666666667,27.738850465089296,27.738850465089296,observed,observed,,
2023-12,109.03137238147669,13.108678162097931,-0.2703562204260379,14.590476639568806,0.8519999980926514,21.46605423136451,nan,nan,nan,83.00333333333333,81.23666666666666,21.46605423136451,21.46605423136451,observed,observed,,
2024-01,105.7489255926243,14.747124165296555,-1.8445447785779834,14.656403101980686,0.7649999856948853,15.792299338839555,nan,nan,nan,84.19,85.08,15.792299338839555,15.792299338839555,observed,observed,,
2024-02,103.23624783531689,18.295960500836372,-1.0810763342306018,18.968960270285606,0.3269999921321869,13.511083098638698,nan,nan,nan,83.27666666666667,83.95,13.511083098638698,13.511083098638698,observed,observed,,
2024-03,100.21292658244111,19.507788121700287,-1.354623818770051,19.903823733329773,0.42100000381469727,16.92360611877429,nan,nan,nan,84.83999999999999,86.00666666666666,16.92360611877429,16.92360611877429,observed,observed,,
2024-04,98.41751452376919,19.56763118505478,-0.8904183050617576,20.42815089225769,0.4399999976158142,19.37491434329523,nan,nan,nan,82.48,83.00333333333333,19.37491434329523,19.37491434329523,observed,observed,,
2024-05,97.83695306002441,21.48822695016861,-2.0785932429134846,21.16476558148861,0.2980000078678131,17.61074741239333,nan,nan,nan,83.60000000000001,84.10333333333334,17.61074741239333,17.61074741239333,observed,observed,,
2024-06,98.62960729306747,16.15753397345543,-1.43103685695678,16.484171152114868,0.19699999690055847,25.470871203805352,nan,nan,nan,84.81666666666666,83.66333333333334,25.470871203805352,25.470871203805352,observed,observed,,
2024-07,100.13801100686575,8.7293591350317,-0.35657177795656025,10.129560716450214,0.032999999821186066,28.584667545613026,nan,nan,nan,82.27,82.26,28.584667545613026,28.584667545613026,observed,observed,,
2024-08,103.68328167272385,8.36587231606245,-1.4951849589124322,8.619031868875027,0.2669999897480011,27.798693980401545,nan,nan,nan,80.42333333333333,79.06333333333333,27.798693980401545,27.798693980401545,observed,observed,,
2024-09,106.74963314168708,12.929399497807026,-3.3914719242602587,11.287810280919075,0.11500000208616257,31.67489361754429,nan,nan,nan,81.66666666666667,80.3375,31.67489361754429,31.67489361754429,observed,observed,,
2024-10,112.25342572487831,12.474345043301582,-3.185469191521406,11.041773483157158,-0.19599999487400055,25.28815315777504,nan,nan,nan,82.63,83.89999999999999,25.28815315777504,25.28815315777504,observed,observed,,
