month,gsfc_ocean_mass_reference_mm,source_decimal_year,ocean_mascon_count,original_gsfc_ocean_mass_reference_mm,filled_gsfc_ocean_mass_reference_mm,fill_status,ssa_category,ssa_M,ssa_K
2013-11,19.00606507814942,2013.874,23417,19.00606507814942,19.00606507814942,observed,observed,,
2013-12,8.65196779167644,2013.9575,23417,8.65196779167644,8.65196779167644,observed,observed,,
2014-01,-0.8060585942227024,2014.0219,23417,-0.8060585942227024,-0.8060585942227024,observed,observed,,
2014-02,nan,nan,0,nan,3.3271507756481817,filled,SSA-filling-a,24,10
2014-03,5.697311729019802,2014.2068,23417,5.697311729019802,5.697311729019802,observed,observed,,
2014-04,7.138007169377837,2014.2877,23417,7.138007169377837,7.138007169377837,observed,observed,,
2014-05,2.8847684117475865,2014.3712,23417,2.8847684117475865,2.8847684117475865,observed,observed,,
2014-06,14.508334404246213,2014.4466,23417,14.508334404246213,14.508334404246213,observed,observed,,
2014-07,nan,nan,0,nan,23.487816285121088,filled,SSA-filling-a,24,10
2014-08,29.372657914228583,2014.6233,23417,29.372657914228583,29.372657914228583,observed,observed,,
2014-09,26.22939199872626,2014.7068,23417,26.22939199872626,26.22939199872626,observed,observed,,
2014-10,24.096510115139058,2014.7904,23417,24.096510115139058,24.096510115139058,observed,observed,,
2014-11,15.20247528281769,2014.874,23417,15.20247528281769,15.20247528281769,observed,observed,,
2014-12,nan,nan,0,nan,8.535761383347381,filled,SSA-filling-a,24,10
2015-01,6.858857530632762,2015.0589,23417,6.858857530632762,6.858857530632762,observed,observed,,
2015-02,10.299616583843054,2015.1233,23417,10.299616583843054,10.299616583843054,observed,observed,,
2015-03,9.558659322035762,2015.2041,23417,9.558659322035762,9.558659322035762,observed,observed,,
2015-04,13.423220991112728,2015.2753,23417,13.423220991112728,13.423220991112728,observed,observed,,
2015-05,nan,nan,0,nan,15.556186536005153,filled,SSA-filling-a,24,10
2015-06,nan,nan,0,nan,24.382883885441146,filled,SSA-filling-a,24,10
2015-07,33.92940484012045,2015.5356,23417,33.92940484012045,33.92940484012045,observed,observed,,
2015-08,38.60586173262771,2015.6233,23417,38.60586173262771,38.60586173262771,observed,observed,,
2015-09,38.969332834019404,2015.7027,23417,38.969332834019404,38.969332834019404,observed,observed,,
2015-10,nan,nan,0,nan,33.68933901379728,filled,SSA-filling-a,24,10
2015-11,nan,nan,0,nan,27.254399656701118,filled,SSA-filling-a,24,10
2015-12,18.00300989920338,2015.9753,23417,18.00300989920338,18.00300989920338,observed,observed,,
2016-01,14.441759336042034,2016.0423,23417,14.441759336042034,14.441759336042034,observed,observed,,
2016-02,15.190436912060909,2016.1202,23417,15.190436912060909,15.190436912060909,observed,observed,,
2016-03,19.97148210934738,2016.2063,23417,19.97148210934738,19.97148210934738,observed,observed,,
2016-04,nan,nan,0,nan,17.785858692061044,filled,SSA-filling-a,24,10
2016-05,17.937272982253955,2016.3825,23417,17.937272982253955,17.937272982253955,observed,observed,,
2016-06,26.07420710846317,2016.4563,23417,26.07420710846317,26.07420710846317,observed,observed,,
2016-07,35.00269502313188,2016.5369,23417,35.00269502313188,35.00269502313188,observed,observed,,
2016-08,33.50657516144782,2016.638,23417,33.50657516144782,33.50657516144782,observed,observed,,
2016-09,nan,nan,0,nan,31.956673425340213,filled,SSA-filling-a,24,10
2016-10,nan,nan,0,nan,27.975798703952318,filled,SSA-filling-a,24,10
2016-11,21.852766901691098,2016.9057,23417,21.852766901691098,21.852766901691098,observed,observed,,
2016-12,18.748075255617536,2016.9795,23417,18.748075255617536,18.748075255617536,observed,observed,,
2017-01,6.4296645277507745,2017.0548,23417,6.4296645277507745,6.4296645277507745,observed,observed,,
2017-02,nan,nan,0,nan,9.926965160824196,filled,SSA-filling-a,24,10
2017-03,13.383417168647837,2017.2425,23417,13.383417168647837,13.383417168647837,observed,observed,,
2017-04,15.221951246442782,2017.311,23417,15.221951246442782,15.221951246442782,observed,observed,,
2017-05,18.52500896632252,2017.3658,23417,18.52500896632252,18.52500896632252,observed,observed,,
2017-06,24.199860452286952,2017.4397,23417,24.199860452286952,24.199860452286952,observed,observed,,
2017-07,nan,nan,0,nan,31.707306070202964,filled,SSA-filling-b,36,4
2017-08,nan,nan,0,nan,34.1960322931918,filled,SSA-filling-b,36,4
2017-09,nan,nan,0,nan,33.543605138361926,filled,SSA-filling-b,36,4
2017-10,nan,nan,0,nan,29.92602760986584,filled,SSA-filling-b,36,4
2017-11,nan,nan,0,nan,24.341693761279735,filled,SSA-filling-b,36,4
2017-12,nan,nan,0,nan,18.309944721088026,filled,SSA-filling-b,36,4
2018-01,nan,nan,0,nan,13.484399956921742,filled,SSA-filling-b,36,4
2018-02,nan,nan,0,nan,11.199941742870978,filled,SSA-filling-b,36,4
2018-03,nan,nan,0,nan,12.126159704461784,filled,SSA-filling-b,36,4
2018-04,nan,nan,0,nan,16.078453760915387,filled,SSA-filling-b,36,4
2018-05,nan,nan,0,nan,22.061818753082715,filled,SSA-filling-b,36,4
2018-06,23.296274135762122,2018.4548,23417,23.296274135762122,23.296274135762122,observed,observed,,
2018-07,34.683851321954535,2018.5205,23417,34.683851321954535,34.683851321954535,observed,observed,,
2018-08,nan,nan,0,nan,37.488998013259774,filled,SSA-filling-a,24,10
2018-09,nan,nan,0,nan,35.56592151814847,filled,SSA-filling-a,24,10
2018-10,31.30326092794876,2018.8315,23417,31.30326092794876,31.30326092794876,observed,observed,,
2018-11,25.05624090605788,2018.8863,23417,25.05624090605788,25.05624090605788,observed,observed,,
2018-12,16.148651060839875,2018.9575,23417,16.148651060839875,16.148651060839875,observed,observed,,
2019-01,19.034645815534113,2019.0342,23417,19.034645815534113,19.034645815534113,observed,observed,,
2019-02,16.10266318815219,2019.1151,23417,16.10266318815219,16.10266318815219,observed,observed,,
2019-03,19.82557040742888,2019.2041,23417,19.82557040742888,19.82557040742888,observed,observed,,
2019-04,18.480013097934815,2019.2877,23417,18.480013097934815,18.480013097934815,observed,observed,,
2019-05,19.860203529545114,2019.3712,23417,19.860203529545114,19.860203529545114,observed,observed,,
2019-06,34.587074956874375,2019.4548,23417,34.587074956874375,34.587074956874375,observed,observed,,
2019-07,43.35958423273444,2019.5384,23417,43.35958423273444,43.35958423273444,observed,observed,,
2019-08,42.24309421399873,2019.6233,23417,42.24309421399873,42.24309421399873,observed,observed,,
2019-09,45.73603099575389,2019.7068,23417,45.73603099575389,45.73603099575389,observed,observed,,
2019-10,37.72981567138777,2019.7904,23417,37.72981567138777,37.72981567138777,observed,observed,,
2019-11,28.736983223543884,2019.874,23417,28.736983223543884,28.736983223543884,observed,observed,,
2019-12,23.540365140839135,2019.9575,23417,23.540365140839135,23.540365140839135,observed,observed,,
2020-01,20.30986725793034,2020.0423,23417,20.30986725793034,20.30986725793034,observed,observed,,
2020-02,16.76561125528056,2020.1243,23417,16.76561125528056,16.76561125528056,observed,observed,,
2020-03,22.179255646929413,2020.2063,23417,22.179255646929413,22.179255646929413,observed,observed,,
2020-04,16.167931106164556,2020.2896,23417,16.167931106164556,16.167931106164556,observed,observed,,
2020-05,20.540704939448077,2020.373,23417,20.540704939448077,20.540704939448077,observed,observed,,
2020-06,33.545983487141925,2020.4563,23417,33.545983487141925,33.545983487141925,observed,observed,,
2020-07,42.022302513651404,2020.5396,23417,42.022302513651404,42.022302513651404,observed,observed,,
2020-08,44.41131589850954,2020.6243,23417,44.41131589850954,44.41131589850954,observed,observed,,
2020-09,37.974235388384535,2020.7077,23417,37.974235388384535,37.974235388384535,observed,observed,,
2020-10,37.80601033456912,2020.791,23417,37.80601033456912,37.80601033456912,observed,observed,,
2020-11,29.901127415785428,2020.8743,23417,29.901127415785428,29.901127415785428,observed,observed,,
2020-12,26.60097230688474,2020.9577,23417,26.60097230688474,26.60097230688474,observed,observed,,
2021-01,20.114234845584296,2021.0425,23417,20.114234845584296,20.114234845584296,observed,observed,,
2021-02,18.685615565662335,2021.1233,23417,18.685615565662335,18.685615565662335,observed,observed,,
2021-03,22.034957863571417,2021.2041,23417,22.034957863571417,22.034957863571417,observed,observed,,
2021-04,18.42404379370757,2021.2877,23417,18.42404379370757,18.42404379370757,observed,observed,,
2021-05,22.831990052077916,2021.3712,23417,22.831990052077916,22.831990052077916,observed,observed,,
2021-06,32.033401205626916,2021.4548,23417,32.033401205626916,32.033401205626916,observed,observed,,
2021-07,39.10497559069924,2021.5384,23417,39.10497559069924,39.10497559069924,observed,observed,,
2021-08,45.79283466755053,2021.6233,23417,45.79283466755053,45.79283466755053,observed,observed,,
2021-09,45.69593432118452,2021.7068,23417,45.69593432118452,45.69593432118452,observed,observed,,
2021-10,42.7163117292487,2021.7904,23417,42.7163117292487,42.7163117292487,observed,observed,,
2021-11,37.64890657212508,2021.874,23417,37.64890657212508,37.64890657212508,observed,observed,,
2021-12,31.87228919015543,2021.9575,23417,31.87228919015543,31.87228919015543,observed,observed,,
2022-01,22.243444006859786,2022.0425,23417,22.243444006859786,22.243444006859786,observed,observed,,
2022-02,20.38863308264698,2022.1233,23417,20.38863308264698,20.38863308264698,observed,observed,,
2022-03,21.12497454053875,2022.2041,23417,21.12497454053875,21.12497454053875,observed,observed,,
2022-04,22.048744011761347,2022.2877,23417,22.048744011761347,22.048744011761347,observed,observed,,
2022-05,21.651686077827772,2022.3712,23417,21.651686077827772,21.651686077827772,observed,observed,,
2022-06,31.081791731292455,2022.4548,23417,31.081791731292455,31.081791731292455,observed,observed,,
2022-07,45.114652667910015,2022.5384,23417,45.114652667910015,45.114652667910015,observed,observed,,
2022-08,45.15590240286709,2022.6233,23417,45.15590240286709,45.15590240286709,observed,observed,,
2022-09,45.154285031872874,2022.7068,23417,45.154285031872874,45.154285031872874,observed,observed,,
2022-10,37.622257872326,2022.7904,23417,37.622257872326,37.622257872326,observed,observed,,
2022-11,35.18698116719257,2022.874,23417,35.18698116719257,35.18698116719257,observed,observed,,
2022-12,24.65100323246731,2022.9575,23417,24.65100323246731,24.65100323246731,observed,observed,,
2023-01,20.539372612756498,2023.0425,23417,20.539372612756498,20.539372612756498,observed,observed,,
2023-02,17.09988137119387,2023.1233,23417,17.09988137119387,17.09988137119387,observed,observed,,
2023-03,20.90715593890315,2023.2041,23417,20.90715593890315,20.90715593890315,observed,observed,,
2023-04,17.065003516218574,2023.2877,23417,17.065003516218574,17.065003516218574,observed,observed,,
2023-05,22.85335753209278,2023.3712,23417,22.85335753209278,22.85335753209278,observed,observed,,
2023-06,35.13540162644384,2023.4548,23417,35.13540162644384,35.13540162644384,observed,observed,,
2023-07,45.30878457009634,2023.5384,23417,45.30878457009634,45.30878457009634,observed,observed,,
2023-08,49.4816584568298,2023.6233,23417,49.4816584568298,49.4816584568298,observed,observed,,
2023-09,47.706916760743695,2023.7068,23417,47.706916760743695,47.706916760743695,observed,observed,,
2023-10,50.738780498586515,2023.7904,23417,50.738780498586515,50.738780498586515,observed,observed,,
2023-11,45.0072569276001,2023.874,23417,45.0072569276001,45.0072569276001,observed,observed,,
2023-12,35.02991970719908,2023.9575,23417,35.02991970719908,35.02991970719908,observed,observed,,
2024-01,28.21074394279675,2024.0423,23417,28.21074394279675,28.21074394279675,observed,observed,,
2024-02,24.056797080763296,2024.1243,23417,24.056797080763296,24.056797080763296,observed,observed,,
2024-03,29.978958188757623,2024.2063,23417,29.978958188757623,29.978958188757623,observed,observed,,
2024-04,33.942331725402425,2024.2896,23417,33.942331725402425,33.942331725402425,observed,observed,,
2024-05,32.99254068892875,2024.373,23417,32.99254068892875,32.99254068892875,observed,observed,,
2024-06,40.10325638316573,2024.4563,23417,40.10325638316573,40.10325638316573,observed,observed,,
2024-07,42.72123837520399,2024.5396,23417,42.72123837520399,42.72123837520399,observed,observed,,
2024-08,43.55524097948907,2024.6243,23417,43.55524097948907,43.55524097948907,observed,observed,,
2024-09,49.47890106015758,2024.7077,23417,49.47890106015758,49.47890106015758,observed,observed,,
2024-10,40.73047548438313,2024.791,23417,40.73047548438313,40.73047548438313,observed,observed,,
