month,jpl_ocean_mass_reference_mm,jpl_ocean_mass_uncertainty_mean_mm,source_time_days,ocean_cell_count,original_jpl_ocean_mass_reference_mm,filled_jpl_ocean_mass_reference_mm,fill_status,ssa_category,ssa_M,ssa_K
2013-11,18.16106048971373,14.302204910051408,4337.0,121253,18.16106048971373,18.16106048971373,observed,observed,,
2013-12,8.156231751015218,14.713114038365594,4367.5,121253,8.156231751015218,8.156231751015218,observed,observed,,
2014-01,1.585612849475035,16.35861262527718,4391.5,121253,1.585612849475035,1.585612849475035,observed,observed,,
2014-02,nan,nan,nan,0,nan,5.6028857728052905,filled,SSA-filling-a,24,10
2014-03,7.616934227999404,13.691700052999755,4457.5,121253,7.616934227999404,7.616934227999404,observed,observed,,
2014-04,7.472771852365967,13.834230604108303,4488.0,121253,7.472771852365967,7.472771852365967,observed,observed,,
2014-05,3.7142788549316355,13.641683317463244,4518.5,121253,3.7142788549316355,3.7142788549316355,observed,observed,,
2014-06,16.211959542236812,14.456754450436332,4546.0,121253,16.211959542236812,16.211959542236812,observed,observed,,
2014-07,nan,nan,nan,0,nan,24.127559971507758,filled,SSA-filling-a,24,10
2014-08,28.618381013276863,13.719833285146056,4610.5,121253,28.618381013276863,28.618381013276863,observed,observed,,
2014-09,25.04043672019708,13.6563291934073,4641.0,121253,25.04043672019708,25.04043672019708,observed,observed,,
2014-10,22.777391269433007,13.410414109380403,4671.5,121253,22.777391269433007,22.777391269433007,observed,observed,,
2014-11,15.33010011294167,13.549071551092077,4703.0,121253,15.33010011294167,15.33010011294167,observed,observed,,
2014-12,nan,nan,nan,0,nan,9.564573721620693,filled,SSA-filling-a,24,10
2015-01,8.469626825706404,15.535016442223156,4769.5,121253,8.469626825706404,8.469626825706404,observed,observed,,
2015-02,12.995451884922119,25.799677975845203,4793.0,121253,12.995451884922119,12.995451884922119,observed,observed,,
2015-03,11.393377956038758,13.275501591804039,4822.5,121253,11.393377956038758,11.393377956038758,observed,observed,,
2015-04,14.965322262262111,13.430054482193666,4853.0,121253,14.965322262262111,14.965322262262111,observed,observed,,
2015-05,nan,nan,nan,0,nan,16.965176554523694,filled,SSA-filling-a,24,10
2015-06,nan,nan,nan,0,nan,25.595683611056216,filled,SSA-filling-a,24,10
2015-07,33.748936084540645,14.608856061723479,4943.5,121253,33.748936084540645,33.748936084540645,observed,observed,,
2015-08,38.572536089862524,13.594476204743051,4975.5,121253,38.572536089862524,38.572536089862524,observed,observed,,
2015-09,37.58790495734315,14.247251232296444,5004.5,121253,37.58790495734315,37.58790495734315,observed,observed,,
2015-10,nan,nan,nan,0,nan,32.587303953876805,filled,SSA-filling-a,24,10
2015-11,nan,nan,nan,0,nan,26.792706931885824,filled,SSA-filling-a,24,10
2015-12,19.348975982933332,14.598725149928446,5104.5,121253,19.348975982933332,19.348975982933332,observed,observed,,
2016-01,15.374982924773159,14.169700451264402,5128.5,121253,15.374982924773159,15.374982924773159,observed,observed,,
2016-02,16.819001116803424,13.69836764987816,5157.0,121253,16.819001116803424,16.819001116803424,observed,observed,,
2016-03,21.999081632803325,13.993063210570226,5188.5,121253,21.999081632803325,21.999081632803325,observed,observed,,
2016-04,nan,nan,nan,0,nan,18.76352575662007,filled,SSA-filling-a,24,10
2016-05,18.435678274824756,15.013792634500886,5253.0,121253,18.435678274824756,18.435678274824756,observed,observed,,
2016-06,26.995906632435283,14.572276286859813,5280.0,121253,26.995906632435283,26.995906632435283,observed,observed,,
2016-07,33.82276276807624,14.861762941805162,5309.5,121253,33.82276276807624,33.82276276807624,observed,observed,,
2016-08,31.522500005507975,15.983319455177698,5346.5,121253,31.522500005507975,31.522500005507975,observed,observed,,
2016-09,nan,nan,nan,0,nan,29.788630871875316,filled,SSA-filling-a,24,10
2016-10,nan,nan,nan,0,nan,26.11843431364288,filled,SSA-filling-a,24,10
2016-11,19.904896974669484,21.38491307697202,5444.5,121253,19.904896974669484,19.904896974669484,observed,observed,,
2016-12,17.15257443211796,21.356227715170363,5471.5,121253,17.15257443211796,17.15257443211796,observed,observed,,
2017-01,9.459925260478563,21.69795146399733,5499.0,121253,9.459925260478563,9.459925260478563,observed,observed,,
2017-02,nan,nan,nan,0,nan,13.623950513739144,filled,SSA-filling-a,24,10
2017-03,17.676550219888952,21.82753428448866,5568.5,121253,17.676550219888952,17.676550219888952,observed,observed,,
2017-04,16.921970408415675,21.598432516210504,5592.5,121253,16.921970408415675,16.921970408415675,observed,observed,,
2017-05,18.63258949713248,21.14027515555733,5610.5,121253,18.63258949713248,18.63258949713248,observed,observed,,
2017-06,25.765752107440786,21.859820417872715,5640.0,121253,25.765752107440786,25.765752107440786,observed,observed,,
2017-07,nan,nan,nan,0,nan,31.093808069093534,filled,SSA-filling-b,36,4
2017-08,nan,nan,nan,0,nan,32.93374173298044,filled,SSA-filling-b,36,4
2017-09,nan,nan,nan,0,nan,32.08220537568715,filled,SSA-filling-b,36,4
2017-10,nan,nan,nan,0,nan,28.761082173109216,filled,SSA-filling-b,36,4
2017-11,nan,nan,nan,0,nan,23.88014761472902,filled,SSA-filling-b,36,4
2017-12,nan,nan,nan,0,nan,18.76463798666976,filled,SSA-filling-b,36,4
2018-01,nan,nan,nan,0,nan,14.813196920307472,filled,SSA-filling-b,36,4
2018-02,nan,nan,nan,0,nan,13.115846270346028,filled,SSA-filling-b,36,4
2018-03,nan,nan,nan,0,nan,14.180015441011992,filled,SSA-filling-b,36,4
2018-04,nan,nan,nan,0,nan,17.787290480727755,filled,SSA-filling-b,36,4
2018-05,nan,nan,nan,0,nan,23.050507237949375,filled,SSA-filling-b,36,4
2018-06,23.463703431369133,14.519260621919566,6010.0,121253,23.463703431369133,23.463703431369133,observed,observed,,
2018-07,33.62459395004099,15.21772531456297,6034.0,121253,33.62459395004099,33.62459395004099,observed,observed,,
2018-08,nan,nan,nan,0,nan,36.482693800396426,filled,SSA-filling-a,24,10
2018-09,nan,nan,nan,0,nan,34.484024321980904,filled,SSA-filling-a,24,10
2018-10,30.293159301618932,15.452976657931714,6147.5,121253,30.293159301618932,30.293159301618932,observed,observed,,
2018-11,25.236580696606477,14.611272737500334,6163.0,121253,25.236580696606477,25.236580696606477,observed,observed,,
2018-12,16.240693901024056,14.633691633334903,6193.5,121253,16.240693901024056,16.240693901024056,observed,observed,,
2019-01,19.01281078011785,14.707491304529565,6224.5,121253,19.01281078011785,19.01281078011785,observed,observed,,
2019-02,16.52644834648769,15.223745739712928,6253.0,121253,16.52644834648769,16.52644834648769,observed,observed,,
2019-03,21.670403200596407,14.660488857905401,6283.5,121253,21.670403200596407,21.670403200596407,observed,observed,,
2019-04,20.101474771918998,14.68582566733926,6314.0,121253,20.101474771918998,20.101474771918998,observed,observed,,
2019-05,20.10066322173567,14.672078005678822,6344.5,121253,20.10066322173567,20.10066322173567,observed,observed,,
2019-06,33.19602324885614,14.729463451665662,6375.0,121253,33.19602324885614,33.19602324885614,observed,observed,,
2019-07,41.80914350352851,14.700032347730254,6405.5,121253,41.80914350352851,41.80914350352851,observed,observed,,
2019-08,42.01144342399738,14.743045659851424,6436.5,121253,42.01144342399738,42.01144342399738,observed,observed,,
2019-09,45.44466198877683,14.80227882374923,6467.0,121253,45.44466198877683,45.44466198877683,observed,observed,,
2019-10,36.47743630337549,14.658936044771497,6497.5,121253,36.47743630337549,36.47743630337549,observed,observed,,
2019-11,27.457650980307484,14.616811395698258,6528.0,121253,27.457650980307484,27.457650980307484,observed,observed,,
2019-12,24.649235012279576,14.624631259276311,6558.5,121253,24.649235012279576,24.649235012279576,observed,observed,,
2020-01,22.468805238838833,15.023115379529179,6589.5,121253,22.468805238838833,22.468805238838833,observed,observed,,
2020-02,19.32232256162252,15.09271787539959,6619.5,121253,19.32232256162252,19.32232256162252,observed,observed,,
2020-03,24.387767178425086,14.606083891962095,6649.5,121253,24.387767178425086,24.387767178425086,observed,observed,,
2020-04,17.596217368440268,14.759192940894518,6680.0,121253,17.596217368440268,17.596217368440268,observed,observed,,
2020-05,21.04456255371408,14.693412302844221,6710.5,121253,21.04456255371408,21.04456255371408,observed,observed,,
2020-06,34.24108296629108,14.765078118272264,6741.0,121253,34.24108296629108,34.24108296629108,observed,observed,,
2020-07,42.8003565572819,14.719637957936484,6771.5,121253,42.8003565572819,42.8003565572819,observed,observed,,
2020-08,44.882102656332165,14.698974872041342,6802.5,121253,44.882102656332165,44.882102656332165,observed,observed,,
2020-09,37.621539019072806,14.784381556531773,6833.0,121253,37.621539019072806,37.621539019072806,observed,observed,,
2020-10,36.70037108579949,14.731513982337546,6863.5,121253,36.70037108579949,36.70037108579949,observed,observed,,
2020-11,30.00691409911206,14.957343522540093,6894.0,121253,30.00691409911206,30.00691409911206,observed,observed,,
2020-12,27.172147407323276,14.780155072820083,6924.5,121253,27.172147407323276,27.172147407323276,observed,observed,,
2021-01,21.231177711444538,14.65548792225735,6955.5,121253,21.231177711444538,21.231177711444538,observed,observed,,
2021-02,20.40441122018792,14.864315107956616,6985.0,121253,20.40441122018792,20.40441122018792,observed,observed,,
2021-03,22.77006415616403,14.67030676104046,7014.5,121253,22.77006415616403,22.77006415616403,observed,observed,,
2021-04,19.367714050197684,14.643780498607256,7045.0,121253,19.367714050197684,19.367714050197684,observed,observed,,
2021-05,23.999147249910685,14.63535520289509,7075.5,121253,23.999147249910685,23.999147249910685,observed,observed,,
2021-06,33.95961803651004,14.694017035990626,7106.0,121253,33.95961803651004,33.95961803651004,observed,observed,,
2021-07,39.62652407593311,14.637819092622932,7136.5,121253,39.62652407593311,39.62652407593311,observed,observed,,
2021-08,44.712040245961056,14.633560211063147,7167.5,121253,44.712040245961056,44.712040245961056,observed,observed,,
2021-09,44.37467086492688,14.687127606933739,7198.0,121253,44.37467086492688,44.37467086492688,observed,observed,,
2021-10,41.431222924205095,14.640371660444604,7228.5,121253,41.431222924205095,41.431222924205095,observed,observed,,
2021-11,36.61207071953393,14.797538021443692,7259.0,121253,36.61207071953393,36.61207071953393,observed,observed,,
2021-12,31.211770153384695,14.673097604359965,7289.5,121253,31.211770153384695,31.211770153384695,observed,observed,,
2022-01,22.77027013572008,14.694953538332769,7320.5,121253,22.77027013572008,22.77027013572008,observed,observed,,
2022-02,20.65708053824119,14.968461861780588,7350.0,121253,20.65708053824119,20.65708053824119,observed,observed,,
2022-03,22.901451132752403,14.786078032480821,7379.5,121253,22.901451132752403,22.901451132752403,observed,observed,,
2022-04,23.978708084126644,14.853412645996208,7410.0,121253,23.978708084126644,23.978708084126644,observed,observed,,
2022-05,23.855903598111198,14.78995099777765,7440.5,121253,23.855903598111198,23.855903598111198,observed,observed,,
2022-06,31.246125314502276,14.794957069442813,7471.0,121253,31.246125314502276,31.246125314502276,observed,observed,,
2022-07,44.42707503475613,14.812726437895087,7501.5,121253,44.42707503475613,44.42707503475613,observed,observed,,
2022-08,44.64651124906877,15.027267149368694,7532.5,121253,44.64651124906877,44.64651124906877,observed,observed,,
2022-09,44.27361380383978,14.99723405158933,7563.0,121253,44.27361380383978,44.27361380383978,observed,observed,,
2022-10,36.62843988423665,14.976669745738523,7593.5,121253,36.62843988423665,36.62843988423665,observed,observed,,
2022-11,33.93474495318805,15.067556006688784,7624.0,121253,33.93474495318805,33.93474495318805,observed,observed,,
2022-12,23.586491683965846,15.076724546470462,7654.5,121253,23.586491683965846,23.586491683965846,observed,observed,,
2023-01,21.17069380474731,15.005122977162259,7685.5,121253,21.17069380474731,21.17069380474731,observed,observed,,
2023-02,20.220993155580146,15.184883778921646,7715.0,121253,20.220993155580146,20.220993155580146,observed,observed,,
2023-03,22.613563883718527,15.042877419019863,7744.5,121253,22.613563883718527,22.613563883718527,observed,observed,,
2023-04,18.36271983990018,14.988995204310301,7775.0,121253,18.36271983990018,18.36271983990018,observed,observed,,
2023-05,23.70013737186774,15.00164688975193,7805.5,121253,23.70013737186774,23.70013737186774,observed,observed,,
2023-06,35.219682838177505,15.099235777853972,7836.0,121253,35.219682838177505,35.219682838177505,observed,observed,,
2023-07,45.6207945684312,14.947829090585506,7866.5,121253,45.6207945684312,45.6207945684312,observed,observed,,
2023-08,49.035463851407094,14.87927756256877,7897.5,121253,49.035463851407094,49.035463851407094,observed,observed,,
2023-09,47.688521040270444,14.9825521986608,7928.0,121253,47.688521040270444,47.688521040270444,observed,observed,,
2023-10,49.42089994623681,14.924420792055493,7958.5,121253,49.42089994623681,49.42089994623681,observed,observed,,
2023-11,43.721458345926685,15.048518213269377,7989.0,121253,43.721458345926685,43.721458345926685,observed,observed,,
2023-12,35.518025435164766,14.951883382036076,8019.5,121253,35.518025435164766,35.518025435164766,observed,observed,,
2024-01,28.594598915459617,15.057247476625356,8050.5,121253,28.594598915459617,28.594598915459617,observed,observed,,
2024-02,26.226893867985375,14.989450884513248,8080.5,121253,26.226893867985375,26.226893867985375,observed,observed,,
2024-03,31.06540617875902,14.932317365206192,8110.5,121253,31.06540617875902,31.06540617875902,observed,observed,,
2024-04,33.798711639371064,14.923790838642123,8141.0,121253,33.798711639371064,33.798711639371064,observed,observed,,
2024-05,34.28539385807905,14.986603903016448,8171.5,121253,34.28539385807905,34.28539385807905,observed,observed,,
2024-06,41.753998986566984,14.968409653173127,8202.0,121253,41.753998986566984,41.753998986566984,observed,observed,,
2024-07,43.796577035175545,14.914711400942231,8232.5,121253,43.796577035175545,43.796577035175545,observed,observed,,
2024-08,42.59497525783402,15.00364920371535,8263.5,121253,42.59497525783402,42.59497525783402,observed,observed,,
2024-09,47.172695574543596,15.03097943180744,8294.0,121253,47.172695574543596,47.172695574543596,observed,observed,,
2024-10,39.047604433552124,15.095190114984076,8324.5,121253,39.047604433552124,39.047604433552124,observed,observed,,
