month,obd_ssa_filled_mm,gmsl_scientific_mm,barystatic_scientific_mm,steric_scientific_mm,budget_sum_scientific_mm,panel_a_gmsl_unshifted_mm,panel_a_gmsl_display_mm,panel_a_barystatic_unshifted_mm,panel_a_barystatic_display_mm,panel_a_steric_unshifted_mm,panel_a_steric_display_mm,panel_a_budget_sum_unshifted_mm,panel_a_budget_sum_display_mm,panel_b_gmsl_unshifted_mm,panel_b_gmsl_display_mm,panel_b_barystatic_unshifted_mm,panel_b_barystatic_display_mm,panel_b_steric_unshifted_mm,panel_b_steric_display_mm,panel_b_budget_sum_unshifted_mm,panel_b_budget_sum_display_mm
2013-11,0.4601457546356244,63.13147011284758,18.28363855884177,-4.713160917162895,13.570477641678874,,,,,,,,,,,,,,,,
2013-12,0.7136047683446338,59.463103928629366,9.142564521781805,-3.7101502530276775,5.432414268754128,-20.679419679713305,-20.679419679713305,-10.251890497278644,-24.251890497278644,-7.2467873396817595,-29.24678733968176,-17.4986778369604,-17.4986778369604,-3.4227337321967704,-3.4227337321967704,-1.197848629678481,-6.1978486296784805,0.7341377761502571,-10.265862223849743,-0.46371085352822383,-0.46371085352822383
2014-01,1.132918379723332,58.623292657207344,2.6188568995396713,-3.209216520190239,-0.5903596206505677,-19.957297279830104,-19.957297279830104,-11.232819942172272,-25.23281994217227,-7.932932832332109,-29.93293283233211,-19.16575277450438,-19.16575277450438,-2.9704192062167043,-2.9704192062167043,-2.32034720406683,-7.32034720406683,-0.07678855213842235,-11.076788552138423,-2.3971357562052513,-2.3971357562052513
2014-02,1.4018163601985694,60.98298450661921,4.81258550578096,-1.721014268696308,3.0915712370846515,-18.990515100361527,-18.990515100361527,-11.188489707192252,-25.188489707192254,-8.57218713722294,-30.57218713722294,-19.76067684441519,-19.76067684441519,-2.2675822827013903,-2.2675822827013903,-2.4145292646962067,-7.414529264696206,-0.8381108307461922,-11.838110830746192,-3.2526400954423984,-3.2526400954423984
2014-03,1.6234807977195596,60.98574766057207,5.173581843468175,0.8579067653045058,6.031488608772681,-18.938001709936565,-18.938001709936565,-10.050674201142561,-24.050674201142563,-8.547072958621852,-30.547072958621854,-18.597747159764413,-18.597747159764413,-2.4790018145324315,-2.4790018145324315,-1.4151336570848496,-6.41513365708485,-0.935065672256961,-11.935065672256961,-2.35019932934181,-2.35019932934181
2014-04,1.6571473897484224,57.88426419584815,5.667326969765223,2.992606023326516,8.65993299309174,-20.116514509917415,-20.116514509917415,-11.271920240474747,-25.27192024047475,-8.19127483886074,-30.191274838860743,-19.463195079335488,-19.463195079335488,-3.9185285614913625,-3.9185285614913625,-2.773363575083641,-7.773363575083641,-0.6999790952519777,-11.699979095251978,-3.4733426703356183,-3.4733426703356183
2014-05,1.62192263705858,55.349447995246756,3.241967650779723,2.5014211423695087,5.743388793149231,-20.939939084972767,-20.939939084972767,-11.30020971133385,-25.30020971133385,-7.473285317466821,-29.47328531746682,-18.77349502880067,-18.77349502880067,-5.011756899217432,-5.011756899217432,-2.943191376380443,-7.943191376380443,-0.10677075829469437,-11.106770758294694,-3.049962134675136,-3.049962134675136
2014-06,1.1696132660789882,56.12001448354807,13.202100119985387,-0.4133742477279156,12.788725872257471,-20.74415085328531,-20.74415085328531,-12.041127492611382,-26.04112749261138,-7.302271352576402,-29.3022713525764,-19.34339884518778,-19.34339884518778,-5.082845232458171,-5.082845232458171,-3.824149870210035,-8.824149870210036,-0.05918119808191056,-11.05918119808191,-3.8833310682919446,-3.8833310682919446
2014-07,0.9574191709211265,60.12635055102324,19.123235460767905,-4.895798861980438,14.227436598787467,-20.37965274171234,-20.37965274171234,-10.61435979127461,-24.61435979127461,-7.214184944380329,-29.214184944380328,-17.82854473565494,-17.82854473565494,-4.988150883556166,-4.988150883556166,-2.5389204993110916,-7.538920499311091,-0.09587597432258571,-11.095875974322587,-2.634796473633677,-2.634796473633677
2014-08,0.6019237679152614,62.97189609546292,24.487268789298145,-7.073814515024424,17.41345427427372,-20.356355191481686,-20.356355191481686,-10.963021566286898,-24.963021566286898,-7.6360429507489735,-29.636042950748973,-18.59906451703587,-18.59906451703587,-5.2346612072286485,-5.2346612072286485,-3.0291514038181035,-8.029151403818103,-0.6425148163295606,-11.64251481632956,-3.671666220147663,-3.671666220147663
2014-09,0.3023488477599929,65.58033157660464,22.943009211601787,-6.156721152365208,16.78628805923658,-20.62287933022933,-20.62287933022933,-10.372846041423259,-24.37284604142326,-7.581953589220629,-29.58195358922063,-17.954799630643887,-17.954799630643887,-5.770993219879428,-5.770993219879428,-2.5805450084491826,-7.5805450084491826,-0.7132062904395469,-11.713206290439548,-3.293751298888729,-3.293751298888729
2014-10,0.2986966209894727,67.16342281438152,22.01412826721192,-4.7651007771492,17.24902749006272,-19.592627723249024,-19.592627723249024,-10.633873348636905,-24.633873348636904,-7.858429674921684,-29.858429674921684,-18.49230302355859,-18.49230302355859,-5.010545375569838,-5.010545375569838,-2.983110646100533,-7.983110646100533,-1.1144635605772373,-12.114463560577237,-4.09757420667777,-4.09757420667777
2014-11,0.3912066244540281,65.94654806821445,15.174333288533688,-6.269372068345547,8.904961220188142,-17.981821543308058,-17.981821543308058,-9.763723275155511,-23.763723275155513,-7.364205928531715,-29.364205928531714,-17.127929203687223,-17.127929203687223,-3.6666157605570713,-3.6666157605570713,-2.2530012851711967,-7.253001285171196,-0.7436642188649026,-11.743664218864902,-2.9966655040360983,-2.9966655040360983
2014-12,0.5480344613198802,64.79548793238389,10.755151709551887,-3.256847383454442,7.498304326097445,-16.045872112304497,-16.045872112304497,-8.373348434250147,-22.373348434250147,-7.59832831681706,-29.59832831681706,-15.971676751067207,-15.971676751067207,-2.0004700922242296,-2.0004700922242296,-1.0041647747035345,-6.0041647747035345,-1.1025677915868832,-12.102567791586884,-2.1067325662904155,-2.1067325662904155
2015-01,0.661622644088675,64.37647340031236,9.751201171163162,-3.160931169986725,6.590270001176437,-14.19537828398253,-14.19537828398253,-5.8221546562964415,-19.82215465629644,-7.198103370848746,-29.198103370848745,-13.020258027145188,-13.020258027145188,-0.4197841378053979,-0.4197841378053979,1.4054598737554491,-3.594540126244551,-0.8271236812568998,-11.8271236812569,0.5783361924985522,0.5783361924985522
2015-02,0.8791822287617008,67.18317674730238,12.299649904014878,-0.0181141040229704,12.281535799991907,-12.329062366120192,-12.329062366120192,-4.619998681023025,-18.619998681023027,-6.608443584065587,-28.608443584065586,-11.228442265088612,-11.228442265088612,1.1825865241036781,1.1825865241036781,2.46910355341947,-2.53089644658053,-0.35953186819067917,-11.359531868190679,2.109571685228792,2.109571685228792
2015-03,1.048579677291379,69.01673287950788,10.259646252118445,4.997951909899712,15.257598162018157,-10.653587950501285,-10.653587950501285,-3.834553118505158,-17.83455311850516,-5.530055494807929,-27.53005549480793,-9.364608613313086,-9.364608613313086,2.594128017466581,2.594128017466581,3.1161292174990036,-1.8838707825009964,0.5967872009551236,-10.403212799044876,3.712916418454128,3.712916418454128
2015-04,1.1485103776489023,68.506328014535,11.742561410793243,6.200713105499744,17.943274516292988,-9.916424223886432,-9.916424223886432,-3.862252297418113,-17.862252297418113,-4.485006532349595,-26.485006532349594,-8.34725882976771,-8.34725882976771,3.070277797103354,3.070277797103354,2.9514461599194446,-2.0485538400805554,1.521124620657327,-9.478875379342673,4.4725707805767705,4.4725707805767705
2015-05,0.9938286118276205,67.29666981571704,14.309672630271336,6.272073835134506,20.581746465405843,-9.666284955628285,-9.666284955628285,-3.2859520246170244,-17.285952024617025,-4.472574779576848,-26.47257477957685,-7.758526804193874,-7.758526804193874,3.0506133026907847,3.0506133026907847,3.3862081022828323,-1.6137918977171677,1.4087751889934388,-9.591224811006562,4.79498329127627,4.79498329127627
2015-06,0.7452937816041145,67.37169123242438,20.101933759616227,1.6099975910037756,21.711931350620002,-8.977144407212913,-8.977144407212913,-3.4396434237732687,-17.43964342377327,-3.8916649985670424,-25.89166499856704,-7.331308422340313,-7.331308422340313,3.472877286177957,3.472877286177957,3.092475990574528,-1.907524009425472,1.8662605653256101,-9.13373943467439,4.9587365559001375,4.9587365559001375
2015-07,0.4172071037574058,72.22847131989383,26.96014904815979,-0.4580043314490467,26.502144716710742,-8.379381468226034,-8.379381468226034,-2.9556130303004604,-16.955613030300462,-3.052250867106275,-25.052250867106274,-6.007863897406736,-6.007863897406736,3.800836462493875,3.800836462493875,3.434968053609508,-1.565031946390492,2.5808935123496295,-8.419106487650371,6.015861565959138,6.015861565959138
2015-08,-0.03509208917149678,75.61891239817494,32.72676184519787,-1.0491786524653437,31.677583192732527,-7.020571950694329,-7.020571950694329,-2.2465074880804923,-16.246507488080493,-2.092113450282451,-24.09211345028245,-4.338620938362943,-4.338620938362943,4.889838106122444,4.889838106122444,4.002504466334754,-0.997495533665246,3.4162500935351225,-7.5837499064648775,7.418754559869878,7.418754559869878
2015-09,-0.3982955211075413,80.8385442273841,33.0161448029294,0.0126369559438899,33.028781758873286,-6.371946484552013,-6.371946484552013,-2.1236741496301828,-16.123674149630183,-1.9735524395152675,-23.973552439515267,-4.09722658914545,-4.09722658914545,5.268655698361623,5.268655698361623,3.9837686752903414,-1.0162313247096586,3.4100302686639767,-7.589969731336023,7.3937989439543195,7.3937989439543195
2015-10,-0.40311414879897045,82.01099239792198,28.449015295363807,-0.1338912989012897,28.315123996462518,-4.787442069259703,-4.787442069259703,-2.6872372106825697,-16.687237210682568,-1.841254166995923,-23.841254166995924,-4.528491377678493,-4.528491377678493,6.583356350983217,6.583356350983217,3.278667283800254,-1.721332716199746,3.4175473567466854,-7.582452643253315,6.696214640546939,6.696214640546939
2015-11,-0.2337211254980538,80.25632279586249,22.506219082917198,0.9815868688747288,23.487805951791927,-4.476940228816044,-4.476940228816044,-2.8266485343233736,-16.826648534323375,-1.6739005317724536,-23.673900531772453,-4.500549066095828,-4.500549066095828,6.626981626498676,6.626981626498676,2.9992152476073897,-2.0007847523926103,3.46147658729252,-7.53852341270748,6.460691834899912,6.460691834899912
2015-12,0.0830951574807698,76.15278756467144,17.799603109512898,1.931900391355157,19.731503500868055,-3.8583379962359943,-3.8583379962359943,-2.270374439011396,-16.270374439011395,-1.331442375279342,-23.33144237527934,-3.601816814290738,-3.601816814290738,6.975892222980709,6.975892222980709,3.4140094765176667,-1.5859905234823333,3.6792054446862386,-7.320794555313761,7.093214921203905,7.093214921203905
2016-01,0.44942883233168845,75.2720013885823,13.683785962534893,3.2000199425965548,16.883805905131446,-3.817025457329745,-3.817025457329745,-1.386407836249658,-15.386407836249658,-1.9295680669363886,-23.92956806693639,-3.3159759031860445,-3.3159759031860445,6.747757452085387,6.747757452085387,4.156596048006657,-0.8434039519933432,2.9564656783473557,-8.043534321652643,7.113061726354014,7.113061726354014
2016-02,0.46196228649776444,76.06540760670326,14.629854172822489,4.237792920321226,18.867647093143717,-3.191480388535203,-3.191480388535203,-0.012567449517092802,-14.012567449517093,-1.9725155029983867,-23.972515502998387,-1.985082952515479,-1.985082952515479,7.107018973198485,7.107018973198485,5.390707355041003,0.39070735504100274,2.7903680591332054,-8.209631940866794,8.18107541417421,8.18107541417421
2016-03,0.5708056558159408,76.65171996459205,17.8191508864569,8.28887801617384,26.10802890263074,-3.25250188097473,-3.25250188097473,0.9239550679954758,-13.076044932004525,-2.4815879297613836,-24.481587929761382,-1.5576328617659065,-1.5576328617659065,6.779858286772266,6.779858286772266,6.187633214712373,1.1876332147123732,2.1582077571513536,-8.841792242848646,8.345840971863728,8.345840971863728
2016-04,0.7749511525699941,74.19236827862963,16.128377067149078,7.799282670021057,23.927659737170135,-4.277463884585345,-4.277463884585345,0.6469804456391821,-13.353019554360818,-3.246764895844866,-25.246764895844866,-2.5997844502056844,-2.5997844502056844,5.491672189109902,5.491672189109902,5.772524745641794,0.7725247456417943,1.2712963364048044,-9.728703663595196,7.043821082046597,7.043821082046597
2016-05,0.8671601335251247,70.89252348444151,15.892050568748934,5.097303073853254,20.98935364260219,-5.637325098186387,-5.637325098186387,-0.30405566198243045,-14.30405566198243,-4.814955554055897,-26.814955554055896,-5.119011216038328,-5.119011216038328,3.862744381588596,3.862744381588596,4.680337024332303,-0.31966297566769697,-0.4213345740449546,-11.421334574044955,4.259002450287347,4.259002450287347
2016-06,0.4706905693339513,70.17667687193098,23.079429252686577,0.1590564643265679,23.238485717013145,-7.517852397911317,-7.517852397911317,-1.466225933284883,-15.466225933284884,-5.901955980031441,-27.901955980031442,-7.368181913316325,-7.368181913316325,1.7160696878778852,1.7160696878778852,3.378508665375469,-1.621491334624531,-1.6314221795487431,-12.631422179548743,1.7470864858267252,1.7470864858267252
2016-07,0.08380129358879529,70.20550803956755,28.320528088076998,-3.8631653878837824,24.457362700193215,-9.485952559325781,-9.485952559325781,-2.9514613779915524,-16.951461377991553,-6.5155860519911535,-28.515586051991153,-9.467047429982706,-9.467047429982706,-0.5210970674568447,-0.5210970674568447,1.7521216069809211,-3.2478783930190787,-2.3694925037471837,-13.369492503747184,-0.6173708967662631,-0.6173708967662631
2016-08,-0.11977470601714675,71.51717676569538,28.401342269137036,-6.583082024008036,21.818260245129,-11.023032299205061,-11.023032299205061,-3.9116715500535424,-17.91167155005354,-6.315902126406207,-28.315902126406208,-10.227573676459748,-10.227573676459748,-2.327247501255933,-2.327247501255933,0.6507291063244611,-4.349270893675539,-2.2942484825556604,-13.29424848255566,-1.643519376231198,-1.643519376231198
2016-09,-0.39362119260730566,74.95586209465775,30.98569315315387,-3.719664644449949,27.266028508703922,-11.800127433478096,-11.800127433478096,-4.6781944258221,-18.6781944258221,-6.653567629903343,-28.653567629903343,-11.331762055725443,-11.331762055725443,-3.3734133294487774,-3.3734133294487774,-0.2569760980385687,-5.256976098038569,-2.7563538904462206,-13.75635389044622,-3.0133299884847884,-3.0133299884847884
2016-10,-0.3650978804687109,75.71086731634965,27.141325692624417,-4.907731898128986,22.23359379449543,-9.932365228833211,-9.932365228833211,-4.482833767301336,-18.482833767301337,-5.502596525096151,-27.502596525096152,-9.985430292397487,-9.985430292397487,-1.7747177187241574,-1.7747177187241574,-0.2027670532056829,-5.202767053205683,-1.7298230378777566,-12.729823037877757,-1.9325900910834393,-1.9325900910834393
2016-11,-0.15753218421775772,77.00436053144065,20.45757066557582,-1.4962980058044195,18.9612726597714,-8.514123305727821,-8.514123305727821,-4.166145220181689,-18.16614522018169,-4.80342678664866,-26.80342678664866,-8.969572006830349,-8.969572006830349,-0.6226231896045472,-0.6226231896045472,-0.02573659374041394,-5.025736593740414,-1.1537404789585106,-12.153740478958511,-1.1794770726989243,-1.1794770726989243
2016-12,0.08249944273303825,73.59332567993027,17.137451072018724,-0.2049528993666172,16.932498172652107,-7.472542217551582,-7.472542217551582,-4.964541152691221,-18.964541152691222,-3.014992136741057,-25.014992136741057,-7.979533289432278,-7.979533289432278,0.14977917807872607,0.14977917807872607,-0.9653426039738278,-5.965342603973828,0.5102020333731213,-10.48979796662688,-0.4551405706007054,-0.4551405706007054
2017-01,0.6363071114207668,70.24081287379853,8.312086276330971,2.7641088236123323,11.076195099943304,-8.582244755436898,-8.582244755436898,-4.632005082039931,-18.63200508203993,-2.9843570065912157,-24.984357006591217,-7.616362088631145,-7.616362088631145,-1.229354617827964,-1.229354617827964,-0.7741779601389803,-5.774177960138981,0.41623049817304575,-10.583769501826954,-0.35794746196593213,-0.35794746196593213
2017-02,0.7485777867682331,69.36040011190673,10.926914159149765,3.646190511062741,14.573104670212507,-9.178244061527101,-9.178244061527101,-4.890133374482107,-18.890133374482108,-2.9044006740591475,-24.904400674059147,-7.794534048541254,-7.794534048541254,-2.0891630261757617,-2.0891630261757617,-1.170747556146711,-6.170747556146711,0.3741818606120827,-10.625818139387917,-0.7965656955346279,-0.7965656955346279
2017-03,0.9098514843111494,70.42762495519665,12.261092811438504,6.520736031234264,18.781828842672766,-8.6534103249785,-8.6534103249785,-3.0475910037636322,-17.047591003763632,-3.241182770690296,-25.241182770690294,-6.288773774453929,-6.288773774453929,-1.8282622118831664,-1.8282622118831664,0.5333749161334291,-4.466625083866571,-0.08466925613092134,-11.08466925613092,0.4487056600025072,0.4487056600025072
2017-04,1.1567501800348492,70.91874545081025,13.474736940562872,7.880242541432381,21.35497948199525,-7.869210363923017,-7.869210363923017,-2.2999207288309464,-16.299920728830948,-3.2125471731309188,-25.21254717313092,-5.512467901961867,-5.512467901961867,-1.3050761978057641,-1.3050761978057641,1.1440613123995116,-3.8559386876004886,-0.17674520132767454,-11.176745201327675,0.9673161110718353,0.9673161110718353
2017-05,1.0027460615950532,69.61500188364327,15.263045246943149,6.887138355523348,22.150183602466498,-7.633966852209038,-7.633966852209038,-2.916344542270212,-16.916344542270213,-3.3115879028407633,-25.311587902840763,-6.2279324451109765,-6.2279324451109765,-1.3396364487625023,-1.3396364487625023,0.3860991685225455,-4.613900831477454,-0.4005671154741548,-11.400567115474155,-0.014467946951611143,-0.014467946951611143
2017-06,0.9749637577661648,68.73789603848064,18.525208060215224,2.798364264890552,21.323572325105776,-7.913568551886125,-7.913568551886125,-4.563464560364271,-18.56346456036427,-2.9874952694323533,-24.987495269432355,-7.550959829796626,-7.550959829796626,-1.886114713367788,-1.886114713367788,-1.4010615621235745,-6.401061562123575,-0.19989888674337924,-11.199898886743378,-1.6009604488669547,-1.6009604488669547
2017-07,0.43397124918384816,71.7346620118917,24.21203872111597,0.451073661679402,24.663112382795372,-7.608943539054575,-7.608943539054575,-5.959305489224714,-19.959305489224715,-2.915400833995646,-24.915400833995648,-8.87470632322036,-8.87470632322036,-1.851293463207198,-1.851293463207198,-2.9384408214218443,-7.938440821421844,-0.2525856357434203,-11.25258563574342,-3.191026457165265,-3.191026457165265
2017-08,0.019685278770527417,77.05783068763519,28.040520494869934,-2.7360732201486826,25.30444727472125,-6.893468604016978,-6.893468604016978,-6.337295956857329,-20.33729595685733,-3.226743514956483,-25.226743514956482,-9.56403947181381,-9.56403947181381,-1.4056264020727391,-1.4056264020727391,-3.4580004185491826,-8.458000418549183,-0.6887091523425876,-11.688709152342588,-4.146709570891769,-4.146709570891769
2017-09,-0.19822288175147723,80.27474528595803,28.178131073970643,-2.6134366635233164,25.564694410447327,-6.6568356682119605,-6.6568356682119605,-6.586736765462304,-20.586736765462305,-3.634567924812225,-25.634567924812224,-10.221304690274527,-10.221304690274527,-1.4388013401708566,-1.4388013401708566,-3.8490103566488796,-8.84901035664888,-1.2213143978366587,-12.22131439783666,-5.070324754485537,-5.070324754485537
2017-10,-0.14326940850840095,80.28120549890797,24.584082527154134,-0.8039695676416159,23.78011295951252,-5.3801735960384045,-5.3801735960384045,-6.799177820599617,-20.799177820599617,-3.4064979005382736,-25.406497900538273,-10.20567572113789,-10.20567572113789,-0.4319430306680188,-0.4319430306680188,-4.2029897422238935,-9.202989742223894,-1.1180255579993439,-12.118025557999344,-5.321015300223237,-5.321015300223237
2017-11,0.10889826171205724,80.77171405596647,18.873343750334485,-0.4179924435447901,18.455351306789694,-3.8772001070386666,-3.8772001070386666,-6.7377086686962615,-20.73770866869626,-3.2497981832641405,-25.24979818326414,-9.987506851960402,-9.987506851960402,0.8041538934035202,0.8041538934035202,-4.281561302872597,-9.281561302872596,-1.084750245402845,-12.084750245402844,-5.366311548275442,-5.366311548275442
2017-12,0.40115717554880326,79.16640356891361,13.564230807186624,-0.7261349819600582,12.838095825226565,-2.005114452366334,-2.005114452366334,-5.87358932319463,-19.87358932319463,-3.3934034678774574,-25.39340346787746,-9.266992791072086,-9.266992791072086,2.4064357854051357,2.4064357854051357,-3.5589802878086676,-8.558980287808668,-1.3531367144527982,-12.353136714452798,-4.912117002261464,-4.912117002261464
2018-01,0.6204165662985092,77.30266475584513,10.742388944894179,1.0717513505369425,11.814140295431121,-2.380869604882336,-2.380869604882336,-5.182427094541592,-19.18242709454159,-3.803120710940813,-25.803120710940814,-8.985547805482403,-8.985547805482403,1.7608727589859972,1.7608727589859972,-3.0093871886503503,-8.00938718865035,-1.8876347931544832,-12.887634793154483,-4.897021981804832,-4.897021981804832
2018-02,0.7714588658610916,75.32959579254049,10.418565717913674,3.4034389536827803,13.822004671596455,-3.6264268292875776,-3.6264268292875776,-4.673698566049087,-18.673698566049087,-3.2927583071630746,-25.292758307163076,-7.9664568732121595,-7.9664568732121595,0.25137027862749434,0.25137027862749434,-2.639170955767242,-7.639170955767241,-1.4993403630936835,-12.499340363093683,-4.138511318860924,-4.138511318860924
2018-03,0.9141202039427916,74.05202908923486,10.988443009410446,7.290772162377834,18.27921517178828,-4.474719337992531,-4.474719337992531,-4.165579163151606,-18.165579163151605,-2.9322033128251364,-24.932203312825138,-7.09778247597674,-7.09778247597674,-0.8608551523334637,-0.8608551523334637,-2.2694714513080942,-7.269471451308094,-1.260854388867602,-12.260854388867601,-3.5303258401756947,-3.5303258401756947
2018-04,1.0220298671080998,73.86121859709618,11.901770705663102,8.279896341264248,20.181667046927352,-4.500306338155844,-4.500306338155844,-3.4352144975035324,-17.435214497503534,-3.4265891599440668,-25.426589159944065,-6.8618036574476,-6.8618036574476,-1.1474560994748566,-1.1474560994748566,-1.6760906643266247,-6.676090664326624,-1.8759517787426616,-12.875951778742662,-3.5520424430692863,-3.5520424430692863
2018-05,0.9565478397728224,73.15483668062065,14.702779977853218,5.075322464108467,19.778102441961686,-3.9051893348703346,-3.9051893348703346,-3.5939222239449315,-17.593922223944933,-3.568280815891216,-25.568280815891217,-7.162203039836149,-7.162203039836149,-0.8221428588600652,-0.8221428588600652,-1.9763367212057248,-6.976336721205724,-2.142424619126447,-13.142424619126448,-4.118761340332173,-4.118761340332173
2018-06,0.583346856126108,73.44192064723345,18.625706519180763,3.4404476173222065,22.06615413650297,-3.6586019804181844,-3.6586019804181844,-3.4642545821695467,-17.464254582169545,-3.328018807223998,-25.328018807223998,-6.7922733893935465,-6.7922733893935465,-0.8424320693361138,-0.8424320693361138,-1.9867097919823995,-6.986709791982399,-2.025587015136863,-13.025587015136864,-4.012296807119264,-4.012296807119264
2018-07,0.11091870747359076,76.25570232056535,27.969435465824535,0.5992355872876942,28.56867105311223,-3.775046845008221,-3.775046845008221,-3.5159555517254333,-17.515955551725433,-2.8614560984406676,-24.86145609844067,-6.377411650166102,-6.377411650166102,-1.2286806965971109,-1.2286806965971109,-2.179949091976113,-7.179949091976113,-1.6838054907902815,-12.68380549079028,-3.8637545827663957,-3.8637545827663957
2018-08,-0.33080808782107796,79.3344558523478,31.51267510369367,-3.364484291523695,28.148190812169975,-3.9397895918619112,-3.9397895918619112,-2.7502974582792814,-16.75029745827928,-3.0118978258652724,-25.011897825865272,-5.762195284144553,-5.762195284144553,-1.663231317353938,-1.663231317353938,-1.5558601280246858,-6.555860128024686,-1.959028053853216,-12.959028053853217,-3.514888181877901,-3.514888181877901
2018-09,-0.5347499559873291,82.33811684903698,31.70957521617248,-1.4886504504829643,30.220924765689517,-3.3760191807996223,-3.3760191807996223,-3.1353881177455887,-17.13538811774559,-3.1657667052720417,-25.16576670527204,-6.30115482301763,-6.30115482301763,-1.3692687801947854,-1.3692687801947854,-2.082519916985714,-7.082519916985714,-2.237677768898316,-13.237677768898315,-4.32019768588403,-4.32019768588403
2018-10,-0.45997678228709066,85.78365823335342,27.934529719278704,0.1060589493135921,28.040588668592296,-1.9896515379857609,-1.9896515379857609,-3.020200688414277,-17.020200688414278,-2.0830860700119627,-24.083086070011962,-5.10328675842624,-5.10328675842624,-0.25270490005164165,-0.25270490005164165,-2.108870818092104,-7.108870818092104,-1.279778318074872,-12.279778318074872,-3.388649136166975,-3.388649136166975
2018-11,-0.20669173513784964,83.3774559326,23.328383812564095,1.5174283180385828,24.845812130602678,-0.6652601998665905,-0.6652601998665905,-3.11004542820583,-17.11004542820583,-0.11660602203019987,-22.1166060220302,-3.22665145023603,-3.22665145023603,0.8048098731393297,0.8048098731393297,-2.3387562704357165,-7.3387562704357165,0.5632773252292564,-10.436722674770744,-1.77547894520646,-1.77547894520646
2018-12,0.08217031802173143,80.69402867935085,16.641733274303736,5.827992223203182,22.469725497506918,0.2372601175660606,0.2372601175660606,-1.0301037263899062,-15.030103726389907,1.5831604541745037,-20.416839545825496,0.553056727784598,0.553056727784598,1.4375264279012632,1.4375264279012632,-0.4003528990574936,-5.400352899057493,2.138262616997324,-8.861737383002676,1.737909717939831,1.737909717939831
2019-01,0.15316085349672895,79.89642147857154,17.740303205961627,7.511895149946213,25.25219835590784,0.9995892508655487,0.9995892508655487,-0.6034737857469931,-14.603473785746994,2.110274258015896,-19.889725741984105,1.5068004722689043,1.5068004722689043,1.9300476872976153,1.9300476872976153,-0.11529208790930165,-5.115292087909301,2.5405955852003865,-8.459404414799614,2.4253034972910865,2.4253034972910865
2019-02,0.34020912330191694,81.34959052662049,14.08000891611291,8.149352855980396,22.229361772093306,1.964488127091167,1.964488127091167,0.9463043073925058,-13.053695692607494,2.2357764553982467,-19.764223544601755,3.182080762790753,3.182080762790753,2.6310013075699716,2.6310013075699716,1.2959737096208008,-3.704026290379199,2.544029808865799,-8.4559701911342,3.840003518486601,3.840003518486601
2019-03,0.37883247632435296,82.21102250156468,17.18909417046854,12.690318748354912,29.87941291882345,2.736795603325716,2.736795603325716,0.48008949270950607,-13.519910507290493,2.139115783586131,-19.86088421641387,2.619205276295638,2.619205276295638,3.1393758615485168,3.1393758615485168,0.6913389964994674,-4.308661003500532,2.325300116941827,-8.674699883058173,3.0166391134412955,3.0166391134412955
2019-04,0.6113429511959285,81.3167752746411,15.976682313989107,13.348393142223358,29.325075456212467,2.8011946854609975,2.8011946854609975,0.653359640567781,-13.34664035943222,1.935198194008659,-20.06480180599134,2.5885578345764393,2.5885578345764393,2.9427609967057182,2.9427609967057182,0.7276252656911391,-4.272374734308861,2.0006709846082247,-8.999329015391776,2.7282962502993633,2.7282962502993633
2019-05,0.6320483403329888,79.44478966159643,16.69293962268306,10.692641139030457,27.385580761713516,3.230923322430536,3.230923322430536,1.0625108024371754,-12.937489197562824,1.2184919927897155,-20.781508007210284,2.281002795226891,2.281002795226891,3.1026858710045384,3.1026858710045384,0.9952380971228325,-4.004761902877167,1.1591835989526453,-9.840816401047356,2.154421696075478,2.154421696075478
2019-06,0.2375101717452216,81.10474896061535,26.529934345171238,7.114950567483902,33.644884912655144,3.9637958406479648,3.9637958406479648,1.7611219607338626,-12.238878039266137,0.883216576767154,-21.116783423232846,2.644338537501016,2.644338537501016,3.5686818242937686,3.5686818242937686,1.55380854286746,-3.44619145713254,0.7004837782524497,-10.29951622174755,2.2542923211199093,2.2542923211199093
2019-07,-0.41410525058207426,85.1701144894061,33.75117762371445,3.9411201141774654,37.69229773789191,5.087321932264671,5.087321932264671,1.9233497710845844,-12.076650228915415,1.2367488168158822,-20.763251183184117,3.160098587900466,3.160098587900466,4.422404153239514,4.422404153239514,1.5744980227803536,-3.425501977219646,0.9292348338644295,-10.07076516613557,2.5037328566447834,2.5037328566447834
2019-08,-0.6917447015368092,89.34432170194381,34.14462108824333,1.913742977194488,36.05836406543782,5.7280356103165895,5.7280356103165895,2.1728658696194127,-11.827134130380587,1.2871506831178328,-20.712849316882167,3.460016552737246,3.460016552737246,4.7933099573882965,4.7933099573882965,1.6824449918204585,-3.3175550081795415,0.8548558645280501,-10.14514413547195,2.53730085634851,2.53730085634851
2019-09,-0.8739720460698261,92.41731443713572,38.06537705742899,2.788383280858397,40.85376033828739,5.089458731227418,5.089458731227418,1.3587430062261376,-12.641256993773862,0.998805384425037,-21.001194615574963,2.357548390651175,2.357548390651175,3.884925204395988,3.884925204395988,0.7267529989324624,-4.273247001067538,0.4417297301969243,-10.558270269803076,1.1684827291293873,1.1684827291293873
2019-10,-0.7332903707439583,91.0910285317398,32.42917526538771,3.0445142183452845,35.473689483733,4.982944068170898,4.982944068170898,1.264330574693957,-12.735669425306043,1.631975068779535,-20.368024931220464,2.8963056434734917,2.8963056434734917,3.508606778668751,3.508606778668751,0.49080223696258035,-4.509197763037419,0.9501182301147862,-10.049881769885214,1.440920467077367,1.440920467077367
2019-11,-0.4385693897829833,88.90867486458487,25.33153021452328,5.447122734040022,30.778652948563302,4.889235608489257,4.889235608489257,0.5025407669574645,-13.497459233042536,2.409640631936561,-19.59035936806344,2.9121813988940253,2.9121813988940253,3.148021754058911,3.148021754058911,-0.4110282833259721,-5.411028283325972,1.6043593885941783,-9.395640611405822,1.193331105268206,1.193331105268206
2019-12,-0.21127645766615782,86.51892687404715,20.981699911725425,6.5385825000703335,27.52028241179576,4.676350958378776,4.676350958378776,1.28763473102357,-12.71236526897643,3.765266243135556,-18.234733756864443,5.052900974159126,5.052900974159126,2.665445467850412,2.665445467850412,0.2325858143384324,-4.7674141856615675,2.83525570069378,-8.16474429930622,3.0678415150322125,3.0678415150322125
2020-01,0.02841488009438595,81.85757687432852,18.35040553882118,9.41792782396078,27.76833336278196,3.944921072950629,3.944921072950629,1.4654905691918039,-12.534509430808196,3.3329556673848075,-18.66704433261519,4.798446236576613,4.798446236576613,1.664568272620694,1.664568272620694,0.2690616212339181,-4.730938378766082,2.2783310502611958,-8.721668949738804,2.5473926714951145,2.5473926714951145
2020-02,0.3624262764723001,82.39953240242245,15.336833010648057,9.200774133205414,24.53760714385347,3.225056091713719,3.225056091713719,2.010092897599377,-11.989907102400624,3.018140813902859,-18.98185918609714,5.028233711502236,5.028233711502236,0.6784197437023407,0.6784197437023407,0.6739348699432726,-4.326065130056728,1.8403660136270947,-9.159633986372905,2.5143008835703675,2.5143008835703675
2020-03,0.4616669921742093,82.9816291238734,18.51353351369445,12.079957872629166,30.593491386323617,3.53077324940879,3.53077324940879,0.6522063396785582,-13.347793660321441,2.645698763940758,-19.354301236059243,3.2979051036193163,3.2979051036193163,0.7179977074107192,0.7179977074107192,-0.8235483458187447,-5.823548345818745,1.3448360884461388,-9.655163911553862,0.5212877426273944,0.5212877426273944
2020-04,0.676852439934421,81.87815971477964,13.911769417135204,14.427081681787968,28.338851098923172,3.597945531891851,3.597945531891851,0.5467509403928624,-13.453249059607138,2.2927084055757425,-19.70729159442426,2.839459345968603,2.839459345968603,0.5219458958420327,0.5219458958420327,-1.0671375918187256,-6.067137591818725,0.8701112754180564,-10.129888724581944,-0.19702631640067098,-0.19702631640067098
2020-05,0.614937535839794,80.50305113844173,17.113587075786295,11.296844109892843,28.410431185679137,3.1829347480098646,3.1829347480098646,0.6158339594415767,-13.384166040558423,2.2373827933651302,-19.76261720663487,2.8532167528067043,2.8532167528067043,-0.16213148196021993,-0.16213148196021993,-1.1392061864578904,-6.139206186457891,0.6903454109687159,-10.309654589031284,-0.44886077548917663,-0.44886077548917663
2020-06,0.060192110125313,79.3411373203695,26.83416925993511,8.48873145878315,35.32290071871826,2.732992914193146,2.732992914193146,2.056495295926474,-11.943504704073526,1.5450729163906842,-20.454927083609316,3.6015682123171557,3.6015682123171557,-0.8782207097627173,-0.8782207097627173,0.16179706237262662,-4.838202937627373,-0.12505164553397502,-11.125051645533976,0.036745416838649424,0.036745416838649424
2020-07,-0.443654591692376,82.1830558734422,33.912415261425174,3.948705270886421,37.861120532311595,2.2185298664218833,2.2185298664218833,2.4812680899980744,-11.518731910001925,0.6752236641301406,-21.32477633586986,3.1564917541282136,3.1564917541282136,-1.6617503514542458,-1.6617503514542458,0.445418242756348,-4.5545817572436516,-1.119341150033247,-12.119341150033247,-0.6739229072768999,-0.6739229072768999
2020-08,-0.6475726891287298,85.48861576062521,35.352903492509206,-1.1521985288709402,34.200704963638266,2.0157366313409417,2.0157366313409417,0.710855631731238,-13.289144368268762,-0.21585086616334692,-22.215850866163347,0.4950047655678915,0.4950047655678915,-2.1336142804549962,-2.1336142804549962,-1.4661765441049583,-6.466176544104958,-2.1348555847201576,-13.134855584720157,-3.6010321288251155,-3.6010321288251155
2020-09,-0.618806502066208,88.12318205749128,32.309826301787865,1.3377349823713305,33.647561284159195,1.7973965370108582,1.7973965370108582,0.35851676455568393,-13.641483235444316,-0.2645306224373846,-22.264530622437384,0.09398614211829918,0.09398614211829918,-2.6210250687048897,-2.6210250687048897,-1.9596977398749846,-6.959697739874985,-2.307975245387619,-13.307975245387619,-4.267672985262604,-4.267672985262604
2020-10,-0.7066870081680349,89.36468027005316,33.9757648917516,3.7710960023105145,37.74686089406212,2.8014288615585285,2.8014288615585285,1.114002282959095,-12.885997717040905,0.4839894551850826,-21.516010544814918,1.5979917381441773,1.5979917381441773,-1.8860593380774846,-1.8860593380774846,-1.3453638351594526,-6.345363835159453,-1.6838954200038798,-12.68389542000388,-3.0292592551633333,-3.0292592551633333
2020-11,-0.7403445188780019,88.38460988607883,29.08950646859593,2.727232407778501,31.81673887637443,3.7815739357477995,3.7815739357477995,3.5210649413744943,-10.478935058625506,1.1471831338977523,-20.85281686610225,4.668248075272246,4.668248075272246,-1.1720616578739917,-1.1720616578739917,0.9220407356015692,-4.077959264398431,-1.143788920819455,-12.143788920819455,-0.22174818521788536,-0.22174818521788536
2020-12,-0.5084287774277143,85.44635509601545,24.732706554539977,4.744518548250198,29.477225102790175,4.8780698916000995,4.8780698916000995,4.455291065482032,-9.544708934517967,0.9306591722027707,-21.06934082779723,5.385950237684804,5.385950237684804,-0.3447444225146576,-0.3447444225146576,1.7150567819852254,-3.2849432180147744,-1.4848050200904075,-12.484805020090407,0.23025176189481938,0.23025176189481938
2021-01,-0.2468687711811814,84.05937043053022,20.34439164530937,5.42806088924408,25.772452534553448,4.161972274304592,4.161972274304592,4.1823036819278405,-9.817696318072159,1.285602088032509,-20.71439791196749,5.467905769960352,5.467905769960352,-1.3302732978315392,-1.3302732978315392,1.3006979716145917,-3.699302028385408,-1.2544687696105863,-12.254468769610586,0.04622920200400793,0.04622920200400793
2021-02,0.1995311628209338,81.92146422831433,17.74227959955343,8.842644281685352,26.584923881238783,4.1295772188949975,4.1295772188949975,3.4383884316608353,-10.561611568339165,1.053134310936774,-20.946865689063227,4.49152274259761,4.49152274259761,-1.6264774554987302,-1.6264774554987302,0.4183414177820309,-4.581658582217969,-1.6089415167993524,-12.608941516799351,-1.1906000990173204,-1.1906000990173204
2021-03,0.3554465736363992,83.97146712332365,18.398987420485266,10.53293514996767,28.931922570452937,4.168540457076895,4.168540457076895,2.730356748511415,-11.269643251488585,0.3401271532118579,-21.659872846788144,3.070483901723273,3.070483901723273,-1.8514471395728376,-1.8514471395728376,-0.4281101638057232,-5.428110163805723,-2.4440176946361247,-13.444017694636125,-2.8721278584418477,-2.8721278584418477
2021-04,0.45320604721755,83.27969151244183,17.855320147937586,9.415519423782824,27.27083957172041,5.593171886549563,5.593171886549563,2.5972013793970605,-11.40279862060294,0.11776968709785744,-21.88223031290214,2.714971066494916,2.714971066494916,-0.6878296570782491,-0.6878296570782491,-0.6982494115866812,-5.698249411586681,-2.7870867035062554,-13.787086703506255,-3.4853361150929376,-3.4853361150929376
2021-05,0.32374069327992444,84.09736040530244,19.435933755205692,11.330612935125828,30.76654669033152,6.031122851788219,6.031122851788219,2.990689528380503,-11.009310471619496,0.7982721069834723,-21.20172789301653,3.7889616353639717,3.7889616353639717,-0.5196824545103107,-0.5196824545103107,-0.4462995930409397,-5.44629959304094,-2.2313654680572763,-13.231365468057277,-2.677665061098219,-2.677665061098219
2021-06,-0.1437295421232139,82.88986056718167,27.69283855653011,9.149192832410336,36.84203138894044,6.004668598573208,6.004668598573208,2.9279350658022203,-11.07206493419778,2.481003675105361,-19.51899632489464,5.408938740907577,5.408938740907577,-0.8130132726535217,-0.8130132726535217,-0.6490947681712829,-5.649094768171283,-0.6720583046130221,-11.672058304613023,-1.3211530727843075,-1.3211530727843075
2021-07,-0.5344182091120243,84.8550504129095,33.345718595038015,6.0622673481702805,39.407985943208296,5.676479208044639,5.676479208044639,3.9044413211140143,-10.095558678885986,2.2752789597937157,-19.724721040206283,6.179720280907728,6.179720280907728,-1.4110064258530512,-1.4110064258530512,0.18587315670268376,-4.814126843297316,-1.0025642043614154,-12.002564204361416,-0.8166910476587332,-0.8166910476587332
2021-08,-0.8952939234283326,89.641745999214,39.330450555649186,0.8739439072087407,40.20439446285793,5.83243805322634,5.83243805322634,4.541402059251902,-9.4585979407481,2.137572680525905,-19.862427319474094,6.678974739777807,6.678974739777807,-1.5248554545744872,-1.5248554545744872,0.681264765345847,-4.318735234654153,-1.265051319267556,-12.265051319267556,-0.5837865539217076,-0.5837865539217076
2021-09,-1.0179891999533086,92.74816154509138,40.390615187597035,4.258301109075546,44.64891629667258,6.258241717171045,6.258241717171045,5.682601581469956,-8.317398418530043,1.4952516170469057,-20.504748382953096,7.177853198516861,7.177853198516861,-1.368859664532918,-1.368859664532918,1.6808951580691804,-3.3191048419308196,-2.032153218384886,-13.032153218384886,-0.3512580603157044,-0.3512580603157044
2021-10,-1.2178857776899532,93.96910608434483,37.88968339354527,4.103734157979488,41.99341755152476,6.88622363463734,6.88622363463734,6.925908297717885,-7.074091702282115,2.034648682059593,-19.965351317940407,8.960556979777477,8.960556979777477,-1.0106815097373394,-1.0106815097373394,2.7826635438794085,-2.2173364561205915,-1.617537337808834,-12.617537337808834,1.1651262060705752,1.1651262060705752
2021-11,-1.0164690149773146,91.4095889034235,34.53051712526946,4.126005806028843,38.656522931298305,7.193293796394195,7.193293796394195,8.61549054241751,-5.3845094575824906,2.1839453937983224,-19.81605460620168,10.799435936215835,10.799435936215835,-0.970487912908684,-0.970487912908684,4.332205076026974,-0.6677949239730259,-1.591665030747739,-12.59166503074774,2.740540045279237,2.740540045279237
2021-12,-0.74744065777316,88.0521098463183,30.661054199201825,6.123393774032593,36.78444797323442,8.13341211971938,8.13341211971938,8.861402884265372,-5.138597115734628,2.970189021046584,-19.029810978953417,11.831591905311958,11.831591905311958,-0.3001733522542166,-0.3001733522542166,4.436579087437136,-0.5634209125628642,-0.9302025879361134,-11.930202587936114,3.5063764995010245,3.5063764995010245
2022-01,-0.4036210276109467,88.19466334724055,22.19336880032401,8.769001811742783,30.962370612066792,8.03138649696918,8.03138649696918,7.65581894485921,-6.34418105514079,3.1558884285473283,-18.84411157145267,10.811707373406541,10.811707373406541,-0.672006848907553,-0.672006848907553,3.089426018536252,-1.910573981463748,-0.8692840160736994,-11.8692840160737,2.2201420024625556,2.2201420024625556
2022-02,-0.17268499839248555,86.78865922929492,20.38550058867105,9.733687154948711,30.11918774361976,8.592014736593644,8.592014736593644,5.028331378437037,-8.971668621562962,2.6885019825854353,-19.311498017414564,7.7168333610224735,7.7168333610224735,-0.3753238652363504,-0.3753238652363504,0.3234261565046833,-4.676573843495317,-1.4587384357525306,-12.458738435752531,-1.1353122792478465,-1.1353122792478465
2022-03,0.0761836444185831,88.35629175872867,18.676618116681613,11.207054369151592,29.883672485833205,8.303406221813313,8.303406221813313,3.908003340613701,-10.091996659386298,2.0683424080550936,-19.931657591944905,5.976345748668795,5.976345748668795,-0.9278653022726858,-0.9278653022726858,-0.9353217797569872,-5.935321779756987,-2.2009670303947284,-13.200967030394729,-3.1362888101517155,-3.1362888101517155
2022-04,0.32552576356054225,86.43226917026547,18.467408238930478,13.03500309586525,31.502411334795728,7.8070182117724665,7.8070182117724665,2.9061178605700317,-11.093882139429969,2.5789553659375417,-19.421044634062458,5.4850732265075735,5.4850732265075735,-1.6852672592916123,-1.6852672592916123,-2.0741911384672593,-7.07419113846726,-1.8110656152684101,-12.81106561526841,-3.8852567537356695,-3.8852567537356695
2022-05,0.16229108921400862,83.20149708774248,19.47296441153537,14.420567080378532,33.893531491913905,7.037175698861439,7.037175698861439,2.762641904061742,-11.237358095938259,3.2476625854156516,-18.75233741458435,6.0103044894773925,6.0103044894773925,-2.724913534873356,-2.724913534873356,-2.3592054254132497,-7.35920542541325,-1.2671395802269363,-12.267139580226937,-3.6263450056401867,-3.6263450056401867
2022-06,-0.2910438907534291,83.65130476813765,26.35957693625126,9.787926450371742,36.147503386623,6.693456127037334,6.693456127037334,4.080592974967282,-9.919407025032719,3.0032681873611486,-18.996731812638853,7.083861162328431,7.083861162328431,-3.335509671625661,-3.335509671625661,-1.1812950670597688,-6.181295067059769,-1.6349583829590735,-12.634958382959073,-2.8162534500188423,-2.8162534500188423
2022-07,-0.8392344884292289,87.05583211490587,38.09992328648238,3.9003731217235327,42.00029640820591,6.757181691328046,6.757181691328046,4.742437667953869,-9.257562332046131,3.2448970918212026,-18.7551029081788,7.987334759775071,7.987334759775071,-3.5415878700059102,-3.5415878700059102,-0.6609887045110105,-5.660988704511011,-1.5181106629357677,-12.518110662935769,-2.179099367446779,-2.179099367446779
2022-08,-1.0060752019530428,89.92162754611188,38.42349652500324,5.305958911776543,43.72945543677978,6.439541516893951,6.439541516893951,5.623563960144902,-8.376436039855097,3.728409822956151,-18.271590177043848,9.351973783101053,9.351973783101053,-4.12903591834314,-4.12903591834314,0.0785684581852985,-4.921431541814702,-1.1593787674391494,-12.159378767439149,-1.0808103092538506,-1.0808103092538506
2022-09,-1.2042674606972203,92.08880868719997,39.78985022947762,6.76069175824523,46.55054198772285,5.698716646686006,5.698716646686006,4.708735003939196,-9.291264996060804,4.470258942147307,-17.529741057852693,9.178993946086505,9.178993946086505,-5.139668662454222,-5.139668662454222,-0.977829627515128,-5.977829627515128,-0.5423104838863227,-11.542310483886324,-1.5201401114014508,-1.5201401114014508
2022-10,-1.341006531502127,92.67000218388324,36.475802649718354,6.094350479543209,42.57015312926156,5.956053443624505,5.956053443624505,5.583946592462063,-8.416053407537937,4.214492986978836,-17.785507013021164,9.798439579440899,9.798439579440899,-5.152135628186442,-5.152135628186442,-0.24415636942996316,-5.244156369429963,-0.9228576234914304,-11.92285762349143,-1.1670139929213936,-1.1670139929213936
2022-11,-1.120553677939055,90.57753508873799,32.519277711448325,6.172531750053167,38.69180946150149,7.341577461268327,7.341577461268327,5.812906435784445,-8.187093564215555,3.274815477418473,-18.72518452258153,9.087721913202918,9.087721913202918,-4.033488175470818,-4.033488175470818,-0.15523723865964065,-5.155237238659641,-1.9859595377294272,-12.985959537729427,-2.1411967763890676,-2.1411967763890676
2022-12,-0.8323051615182083,90.6281185560878,25.678422036950682,5.358861759305,31.037283796255682,9.361020636084952,9.361020636084952,6.236537358676119,-7.763462641323881,3.0159678717609495,-18.98403212823905,9.25250523043707,9.25250523043707,-2.2838487633249103,-2.2838487633249103,0.12685535379433216,-4.873144646205668,-2.369588327823587,-13.369588327823587,-2.2427329740292534,-2.2427329740292534
2023-01,-0.43419635247140254,90.13353400125328,21.31264379962853,7.624344434589148,28.936988234217676,9.820500334018996,9.820500334018996,4.909006487681627,-9.090993512318374,2.944220693417733,-19.055779306582266,7.853227181099363,7.853227181099363,-2.0941769392940035,-2.0941769392940035,-1.3422446466948807,-6.342244646694881,-2.5661163418051336,-13.566116341805134,-3.9083609885000117,-3.9083609885000117
2023-02,-0.10545711964708021,87.64112137666214,18.008420380084925,11.007873341441154,29.01629372152608,9.370680693933659,9.370680693933659,3.8160942140332303,-10.18390578596677,3.726435070182726,-18.273564929817276,7.542529284215958,7.542529284215958,-2.807941835332602,-2.807941835332602,-2.5736692159526737,-7.573669215952673,-1.9059699387570792,-12.90596993875708,-4.4796391547097505,-4.4796391547097505
2023-03,0.09367516370124099,87.90095682936877,18.297711832751798,14.191324822604656,32.48903665535646,8.387899767609452,8.387899767609452,1.729857229085761,-12.270142770914239,5.028745857888486,-16.971254142111512,6.75860308697425,6.75860308697425,-4.054655683912812,-4.054655683912812,-4.798326099338476,-9.798326099338476,-0.7257281711631743,-11.725728171163174,-5.524054270501649,-5.524054270501649
2023-04,0.3067161706106139,86.28862258964658,14.688956396862599,17.657756805419922,32.34671320228252,9.0602974626098,9.0602974626098,2.1063559834264596,-11.89364401657354,5.447223694345941,-16.55277630565406,7.553579677772402,7.553579677772402,-3.6432719358905454,-3.6432719358905454,-4.5588112236643825,-9.558811223664382,-0.42796187746184916,-11.427961877461849,-4.98677310112623,-4.98677310112623
2023-05,0.09922196238055916,87.56031635023328,21.231036906102347,15.418347902595997,36.64938480869834,10.754991259108385,10.754991259108385,2.9517842631277027,-11.048215736872297,5.946681972780039,-16.053318027219962,8.89846623590774,8.89846623590774,-2.218381902062679,-2.218381902062679,-3.8549212744008403,-8.85492127440084,-0.053284783464388065,-11.053284783464388,-3.9082060578652285,-3.9082060578652285
2023-06,-0.445751209748325,90.58957876700657,28.94738336095004,12.264450080692768,41.21183344164281,12.945276606633186,12.945276606633186,5.84736031517383,-8.15263968482617,5.939033265652445,-16.060966734347556,11.786393580826276,11.786393580826276,-0.29497311946607635,-0.29497311946607635,-1.0993859349067718,-6.099385934906772,-0.18435789526961624,-11.184357895269617,-1.2837438301763886,-1.2837438301763886
2023-07,-1.077945480298919,94.5142002923337,39.05434638783626,9.233363904058931,48.287710291895195,15.047600061542349,15.047600061542349,6.9728685414511204,-7.0271314585488796,6.468998087009161,-15.531001912990838,13.44186662846028,13.44186662846028,1.537546572772126,1.537546572772126,-0.1154160390673107,-5.115416039067311,0.22082574165035088,-10.779174258349649,0.10540970258304035,0.10540970258304035
2023-08,-1.2023873076664748,100.39624048045803,41.57255961944232,7.168747484683991,48.741307104126314,16.377117500676807,16.377117500676807,7.460491072732348,-6.539508927267652,6.92721470003369,-15.07278529996631,14.38770577276604,14.38770577276604,2.5972561380034476,2.5972561380034476,0.23063736271919466,-4.769362637280805,0.5542615190365505,-10.445738480963449,0.7848988817557471,0.7848988817557471
2023-09,-0.6336718316321043,103.96855552677455,41.19714537144699,9.161327034235,50.358472405681994,17.631648582033105,17.631648582033105,8.788387428990312,-5.211612571009688,7.576825864265575,-14.423174135734424,16.365213293255888,16.365213293255888,3.581979345456607,3.581979345456607,1.4169645894824374,-3.583035410517563,1.0790918476301044,-9.920908152369895,2.496056437112543,2.496056437112543
2023-10,-1.3033478035651387,106.11443821600379,44.15840168846324,11.15062739700079,55.30902908546403,19.708841836545677,19.708841836545677,10.338951797612166,-3.6610482023878337,8.582648871224867,-13.417351128775133,18.921600668837034,18.921600668837034,5.3893688372984645,5.3893688372984645,2.8259906276665907,-2.1740093723334093,1.9601336701527616,-9.03986632984724,4.786124297819352,4.786124297819352
2023-11,-1.6393981442914847,106.51171739580637,37.694399146184374,11.82008720934391,49.514486355528284,21.868343979389124,21.868343979389124,12.24211629267421,-1.7578837073257905,9.919964563089183,-12.080035436910817,22.162080855763392,22.162080855763392,7.2819944152137115,7.2819944152137115,4.589114410176574,-0.41088558982342605,3.174024957339443,-7.825975042660557,7.763139367516017,7.763139367516017
2023-12,-0.7752135836378283,104.82979977126125,32.108331134139036,14.590476639568806,46.69880777370784,22.775172734822505,22.775172734822505,11.922981533368855,-2.077018466631145,10.319710874076312,-11.680289125923688,22.242692407445166,22.242692407445166,7.919131534549074,7.919131534549074,4.1284997844695175,-0.8715002155304825,3.4490419692271788,-7.550958030772821,7.577541753696699,7.577541753696699
2024-01,-0.4408171226587655,100.2401267752241,26.76694579178233,14.656403101980686,41.42334889376302,21.974445952352692,21.974445952352692,10.646668713386406,-3.353331286613594,11.019140852250999,-10.980859147749001,21.665809565637407,21.665809565637407,6.848957442277689,6.848957442277689,2.7108069332143203,-2.2891930667856797,4.023857872720028,-6.976142127279972,6.734664805934352,6.734664805934352
2024-02,0.1363665948378222,99.79468424251895,23.337195967857102,18.968960270285606,42.306156238142705,20.033911877604393,20.033911877604393,10.145676549140576,-3.8543234508594235,10.628316572503095,-11.371683427496905,20.77399312164367,20.77399312164367,4.642139819847946,4.642139819847946,2.070085689270273,-2.929914310729727,3.5098834098199734,-7.490116590180026,5.579969099090247,5.579969099090247
2024-03,-0.24921912471529734,97.63049474055333,26.503381258147858,19.903823733329773,46.40720499147763,18.84480590514939,18.84480590514939,10.673929267968541,-3.326070732031459,10.510072500024265,-11.489927499975735,21.184001767992807,21.184001767992807,3.186894653406253,3.186894653406253,2.45874175025704,-2.54125824974296,3.2685514621222893,-7.731448537877711,5.7272932123793305,5.7272932123793305
2024-04,0.08164217790912108,95.77624022522501,27.986727500342706,20.42815089225769,48.4148783926004,17.820291542183345,17.820291542183345,11.41254151423397,-2.58745848576603,10.19032725316444,-11.80967274683556,21.60286876739841,21.60286876739841,1.8991561963884598,1.8991561963884598,3.059220149808182,-1.9407798501918179,2.827071760599398,-8.172928239400601,5.88629191040758,5.88629191040758
2024-05,0.02817229603897427,94.62314304219092,27.64615296964871,21.16476558148861,48.81091855113732,17.545557445668376,17.545557445668376,11.017023706699769,-2.982976293300231,10.192192918497533,-11.807807081502467,21.2092166251973,21.2092166251973,1.3553555059532232,1.3553555059532232,2.5225507285861037,-2.4774492714138963,2.7044971736937615,-8.295502826306238,5.227047902279865,5.227047902279865
2024-06,-0.3820294175176477,94.41083299915047,33.43021452463977,16.484171152114868,49.91438567675464,16.47112810362897,16.47112810362897,8.301210379599691,-5.698789620400309,9.559811786554443,-12.440188213445557,17.861022166154132,17.861022166154132,0.014778769928040945,0.014778769928040945,-0.33292068616835596,-5.332920686168356,1.9490288622224274,-9.050971137777573,1.6161081760540692,1.6161081760540692
2024-07,-0.970039691800131,94.20767385921951,35.517949353877746,10.129560716450214,45.64751007032796,14.841864393725364,14.841864393725364,5.972329848915105,-8.027670151084894,8.657732176343968,-13.342267823656032,14.63006202525907,14.63006202525907,-1.8835515338958309,-1.8835515338958309,-2.8029528305408222,-7.802952830540822,0.9225089997732228,-10.077491000226777,-1.8804438307676008,-1.8804438307676008
2024-08,-1.2385694542771815,96.26430567797736,37.62450941210306,8.619031868875027,46.243541280978086,12.840348324805333,12.840348324805333,5.699615426077702,-8.300384573922297,8.418202847789155,-13.581797152210845,14.117818273866858,14.117818273866858,-4.15413829673567,-4.15413829673567,-3.2168495819726943,-8.216849581972694,0.5585397668249877,-10.441460233175013,-2.6583098151477063,-2.6583098151477063
2024-09,-1.053558334321747,97.79670923475499,43.39896567278083,11.287810280919077,54.68677595369991,12.352345883142604,12.352345883142604,5.9998557149021154,-8.000144285097885,8.732797103276068,-13.267202896723932,14.732652818178183,14.732652818178183,-4.91121143231821,-4.91121143231821,-3.0577916217427523,-8.057791621742751,0.7486941179184765,-10.251305882081523,-2.309097503824275,-2.309097503824275
2024-10,-0.8082978824753476,100.58031121383253,37.53903645220408,11.041773483157158,48.58080993536124,,,,,,,,,,,,,,,,
