time,gmsl,barystatic,steric,oni,sum
2013-11-15,-4.3146996029251,0.5505803900763073,0.4301422988382016,-0.12,0.9807226889145089
2013-12-15,-4.588410588052051,-1.9296726367604926,0.18506825806419644,-0.11,-1.7446043786962961
2014-01-15,-3.9976278810807884,-3.171756037959929,-0.388332576191191,-0.24,-3.56008861415112
2014-02-15,-2.919781229649177,-2.7722393684772286,-1.0813964635408282,-0.21,-3.853635832018057
2014-03-15,-2.794422190215345,-1.3582142681478886,-1.219145304480676,-0.02,-2.5773595726285645
2014-04-15,-4.000907532361298,-2.949086599650909,-0.7368124124139529,0.25,-3.6858990120648616
2014-05-15,-4.996462415615679,-3.253455930679411,0.025113525750987277,0.35,-3.2283424049284237
2014-06-15,-4.669968238446652,-3.600707073135805,0.2459356869691713,0.22,-3.3547713861666337
2014-07-15,-4.225853892647573,-1.9494535426214812,0.060496059822629254,0.07,-1.888957482798852
2014-08-15,-4.261897355694233,-2.6166336250082654,-0.14677098713981912,0.07,-2.7634046121480846
2014-09-15,-4.652990602136462,-2.3393358215524467,-0.09059998301794847,0.24,-2.429935804570395
2014-10-15,-4.6143539935437845,-2.7522121833479813,-0.8294851957042172,0.51,-3.5816973790521986
2014-11-15,-3.9544519633280757,-2.2007938507063547,-1.0366349746599162,0.7,-3.237428825366271
2014-12-15,-3.16879601835893,-1.7255609953749378,-1.6564399139528787,0.8,-3.3820009093278163
2015-01-15,-1.4496418829489077,0.5644788262729451,-1.1434703095896013,0.73,-0.5789914833166562
2015-02-15,0.5277385068764602,2.1218212360490396,-0.6076201052652426,0.65,1.514201130783797
2015-03-15,2.2760585715042367,3.18347639284655,0.30790496445148535,0.72,3.4913813572980357
2015-04-15,2.985249755953982,2.7861509217627636,1.479488699215428,0.86,4.265639620978192
2015-05-15,3.063258716013104,3.086371334394454,1.53585686875919,1.04,4.622228203153644
2015-06-15,3.883105209910042,3.326346574059351,2.1665748460967604,1.19,5.492921420156112
2015-07-15,4.56048438312304,4.034862796709712,2.732462942214913,1.44,6.767325738924625
2015-08-15,5.8599528873774265,4.425450031555184,3.9071913184449345,1.73,8.332641350000118
2015-09-15,6.384009245825159,4.235405648597667,4.027833971805646,2.02,8.263239620403313
2015-10-15,6.9768986627298375,3.519993532963394,3.697723117339775,2.28,7.217716650303169
2015-11-15,6.33649635344824,3.061850468482819,3.163703227217576,2.45,6.225553695700395
2015-12-15,5.804805099993875,2.70298257822085,3.1204788327030704,2.59,5.823461410923921
2016-01-15,5.714777945988184,3.3257952246767672,2.635097799440989,2.5,5.960893024117756
2016-02-15,6.451387486745763,5.054822045912012,2.53834078092019,2.21,7.593162826832202
2016-03-15,6.4632116433151054,6.267554157704226,1.866405334616262,1.69,8.133959492320487
2016-04-15,5.410277097539383,5.620953243177102,1.227763140838387,1.11,6.848716384015488
2016-05-15,3.8782855757393166,4.39383727538609,-0.29649110060162964,0.57,4.097346174784461
2016-06-15,2.128464221495946,3.6253336429047787,-1.3336833302494084,0.09,2.2916503126553702
2016-07-15,0.23998029430759496,2.364584027375664,-2.220839437551735,-0.19,0.14374458982392913
2016-08-15,-1.3564404588490029,1.0858555479391778,-1.8065645525605905,-0.34,-0.7207090046214126
2016-09-15,-2.258104700816621,0.006454950762798006,-2.1421484134642004,-0.42,-2.1356934627014024
2016-10-15,-1.381957494559373,0.049966554701665444,-1.453586435642222,-0.51,-1.4036198809405565
2016-11-15,-0.914619721179245,0.04792336098154121,-1.455790222540399,-0.49,-1.4078668615588577
2016-12-15,-1.0233321190374198,-1.6656145571019425,-0.05303812364041191,-0.37,-1.7186526807423543
2017-01-15,-2.2643743498346773,-1.5942324427564658,0.09034166490439305,-0.08,-1.5038907778520727
2017-02-15,-2.7493091839618415,-1.4971743006959604,0.11648841497766119,0.08,-1.380685885718299
2017-03-15,-2.1516297984043717,0.6215776643021572,-0.3831567011944186,0.27,0.23842096310773864
2017-04-15,-1.3954023795139958,0.9996216470640189,-0.22798633132943769,0.32,0.7716353157345812
2017-05-15,-1.3322891759990416,0.10711797345535481,-0.28309064426826924,0.35,-0.17597267081291443
2017-06-15,-1.4811849301945632,-1.1463354058175619,0.09081018546790476,0.32,-1.055525220349657
2017-07-15,-1.09694368313689,-2.317690505500457,-0.11062141443799905,0.14,-2.428311919938456
2017-08-15,-0.4408097613766083,-3.0141992805075697,-0.20737313599263718,-0.07,-3.221572416500207
2017-09-15,-0.3287459332661721,-3.576517810520369,-0.6131159032548512,-0.23,-4.18963371377522
2017-10-15,-0.043698859480253816,-3.940807920239578,-0.8474550059661132,-0.44,-4.788262926205691
2017-11-15,0.5083704797942232,-4.198070509175993,-1.3921288140376482,-0.61,-5.590199323213642
2017-12-15,1.2301626484321369,-4.249093149248312,-1.9214166496585812,-0.76,-6.170509798906893
2018-01-15,0.7230678030041938,-3.8190848769010857,-2.218389234326972,-0.71,-6.037474111228057
2018-02-15,-0.4114249494380099,-2.955169913905899,-1.7618364130080346,-0.67,-4.717006326913934
2018-03-15,-1.1868718091340942,-2.1708409167287748,-1.5641444382110294,-0.55,-3.734985354939804
2018-04-15,-1.2404313514625187,-1.8101025432515265,-1.9319955130243562,-0.35,-3.742098056275883
2018-05-15,-0.817444656376035,-2.24489012986232,-2.0297507522004947,-0.07,-4.274640882062815
2018-06-15,-0.44015135644231873,-1.7215558492657916,-1.7396805472055124,0.13,-3.461236396471304
2018-07-15,-0.4769799868062326,-1.5487709896441306,-1.5466438737647934,0.2,-3.095414863408924
2018-08-15,-0.7010637469372464,-1.101631203572482,-1.4824946417831968,0.3,-2.584125845355679
2018-09-15,-0.2618624435695409,-1.799599584446613,-1.6342818785964381,0.52,-3.4338814630430514
2018-10-15,0.1328902008566833,-1.8362612096971986,-1.0140103703215715,0.82,-2.85027158001877
2018-11-15,0.5063773892505973,-2.244837690328526,0.25109615231452387,1.04,-1.993741538014002
2018-12-15,0.2586042206488343,-1.080037974086552,1.5651800775116116,1.05,0.4851421034250596
2019-01-15,0.8895936610363814,-0.9145619897494501,2.2050385397479673,0.99,1.2904765499985171
2019-02-15,1.965557009225037,0.9904025378927332,2.276731154671517,0.94,3.2671336925642507
2019-03-15,2.8107101344684553,0.8003973174893784,2.01720746331847,0.87,2.817604780807848
2019-04-15,2.84713667443863,0.6040411731768268,1.9398246460466018,0.82,2.5438658192234285
2019-05-15,3.104735003209143,0.7371124748768285,1.2670548615986679,0.71,2.004167336475496
2019-06-15,3.9683134669081377,1.8293902719946602,0.9815876419038688,0.59,2.810977913898529
2019-07-15,5.171455792750966,2.2161039115229295,1.0615938466099855,0.38,3.277697758132915
2019-08-15,5.752828457525567,2.1471017026832544,1.3265866723181388,0.2,3.473688375001393
2019-09-15,4.989682470741807,1.0201011178821524,1.0403230162188724,0.31,2.0604241341010248
2019-10-15,3.8915528092976497,0.7738396317680742,1.2110835735881578,0.51,1.984923205356232
2019-11-15,2.846940199890753,-0.30668191680819373,1.2873756113995163,0.72,0.9806936945913225
2019-12-15,1.483762063745857,-0.4367299383160379,2.2573186715908955,0.75,1.8205887332748576
2020-01-15,0.6209924854057647,-0.5200280564536174,1.9377527542351125,0.71,1.417724697781495
2020-02-15,0.012191976131887827,0.3797607064566412,1.5691283182943632,0.66,1.9488890247510042
2020-03-15,0.39075478283582754,-0.7019162571845308,1.0338232487913288,0.57,0.33190699160679804
2020-04-15,0.429954523153782,-1.1769979486410496,0.8073676627319142,0.33,-0.3696302859091354
2020-05-15,-0.15718656892723004,-1.383994789761728,0.7959784672923107,0.04,-0.5880163224694173
2020-06-15,-0.47642245726238264,0.4503331855443129,0.15347678664562783,-0.18,0.6038099721899407
2020-07-15,-0.911269270807523,1.0995918087934613,-0.989898500957526,-0.29,0.10969330783593534
2020-08-15,-1.1734035191657786,-0.9893389568478798,-1.6663820718448101,-0.43,-2.65572102869269
2020-09-15,-1.5163127211904452,-1.65455554543126,-1.7129801855253182,-0.77,-3.367535730956578
2020-10-15,-1.503895395030412,-1.0509190816097498,-1.4268692348880632,-1.0,-2.477788316497813
2020-11-15,-1.4746544705664015,1.0374118359658777,-1.4650490815210617,-1.11,-0.427637245555184
2020-12-15,-1.5284520007485156,1.0564959744994646,-2.0672555942236595,-1.06,-1.0107596197241948
2021-01-15,-2.3758893109559645,0.5223546346394639,-1.599568019998956,-0.99,-1.077213385359492
2021-02-15,-2.297219894402521,0.13362581887513866,-1.8858453795534895,-0.85,-1.7522195606783508
2021-03-15,-2.185411007211755,-0.2981962699946349,-2.7617155568193383,-0.74,-3.0599118268139733
2021-04-15,-0.7887521199041931,-0.8009779312798124,-2.857538250627738,-0.56,-3.6585161819075505
2021-05-15,-0.5229314628645625,-0.6835696424657627,-2.133099413971115,-0.4,-2.8166690564368775
2021-06-15,-0.41867977059801353,-0.3526574662229009,-0.4005596495214639,-0.31,-0.7532171157443648
2021-07-15,-0.6672529269004551,0.8483346182664431,-0.8798104001757187,-0.35,-0.03147578190927558
2021-08-15,-0.5706350949960685,1.16677704902983,-0.8029257200373277,-0.46,0.3638513289925023
2021-09-15,-0.2694005387459413,1.995098849840056,-1.4431651409227968,-0.64,0.5519337089172591
2021-10-15,-0.6330336196672921,3.0865565115060813,-1.3661772028953214,-0.77,1.72037930861076
2021-11-15,-1.2768676076357033,4.457407015365932,-1.9182540165022597,-0.91,2.5391529988636727
2021-12-15,-1.4870427703449374,3.7881773716398457,-1.5176929402616148,-0.83,2.2704844313782306
2022-01-15,-1.7204080860070783,2.3214394759278734,-1.2192488743659056,-0.76,1.1021906015619678
2022-02-15,-1.048715374419577,0.04913834400838368,-1.7404449027865967,-0.68,-1.691306558778213
2022-03-15,-1.2644782401910437,-0.7949800995353027,-2.5234674968578714,-0.77,-3.318447596393174
2022-04-15,-1.7888387923969966,-2.166491871749797,-1.8863197666698206,-0.86,-4.052811638419618
2022-05-15,-2.730811613507048,-2.5860476884274797,-1.1736761304207033,-0.83,-3.759723818848183
2022-06-15,-2.9438252398495828,-0.8744299787007961,-1.3682623321474439,-0.73,-2.24269231084824
2022-07-15,-2.8004834413327444,0.011900543463340796,-1.4001594630300027,-0.7,-1.388258919566662
2022-08-15,-3.177464629044157,0.5745085282798676,-0.7020557724888518,-0.78,-0.1275472442089841
2022-09-15,-4.042858606946685,-0.6531981493336734,0.041874989295836884,-0.87,-0.6113231600378365
2022-10-15,-4.777136808395824,0.07016438460729546,-0.6763000928578471,-0.89,-0.6061357082505516
2022-11-15,-4.342516940477258,-0.019607512910095437,-2.317351127763878,-0.82,-2.3369586406739735
2022-12-15,-3.473367251695047,-0.5111185755923664,-2.9618812844290185,-0.7,-3.472999860021385
2023-01-15,-3.14522724667295,-2.0998034028926726,-2.9208838043772682,-0.55,-5.0206872072699404
2023-02-15,-3.4839824147952494,-2.8375292420383844,-2.1924790100710734,-0.33,-5.030008252109457
2023-03-15,-4.393917692110596,-4.647556632706203,-1.0530312419062469,-0.11,-5.70058787461245
2023-04-15,-3.749492539275361,-4.640684170536328,-0.5080186331431893,0.19,-5.148702803679518
2023-05-15,-2.2269290509758073,-4.071335751004477,0.035376062061914126,0.46,-4.035959688942563
2023-06-15,0.09406224203056959,-0.7820930601372057,0.07753555126208174,0.73,-0.7045575088751239
2023-07-15,2.2760019311658604,0.5679009953176326,0.3339743372761852,1.0,0.9018753325938178
2023-08-15,3.5461783570230097,0.7370052192243552,1.006781909706919,1.25,1.7437871289312743
2023-09-15,4.676140330684722,1.752023854074481,1.6584747165323357,1.5,3.4104985706068165
2023-10-15,5.76171858680965,3.1507391681144363,2.201888596506416,1.74,5.352627764620852
2023-11-15,6.970316579927825,4.735171922336706,2.837830763025063,1.9,7.573002685361769
2023-12-15,6.726851849326787,3.5008951774574086,2.851894523004575,1.99,6.352789700461983
2024-01-15,5.794785373945037,1.9634284011691463,3.6640691595742276,1.84,5.6274975607433735
2024-02-15,3.9653157711597746,1.8176226714259998,3.2194352973675255,1.53,5.037057968793525
2024-03-15,2.8490554477136336,2.6220849845336147,2.938328205347763,1.18,5.560413189881378
2024-04-15,1.796568542582482,2.991070938628218,2.74511773079354,0.77,5.736188669421757
2024-05-15,1.3497041378684949,2.319473270924644,2.790919812897628,0.43,5.110393083822272
2024-06-15,0.4059807413106758,-0.0026734173542889428,2.2083468772822994,0.18,2.2056734599280103
2024-07-15,-1.1436667343668128,-2.1070681188613323,1.0327412317292126,0.06,-1.0743268871321197
2024-08-15,-3.204523816564157,-2.698300849073256,1.0078028625806148,-0.04,-1.690497986492641
2024-09-15,-3.8170953659214883,-2.710938281656668,1.3244787606610586,-0.12,-1.3864595209956092
2024-10-15,-3.8169651525333466,-1.8695281575808118,1.5331659057581009,-0.19,-0.33636225182271096
